CREATE TABLE T09D_AFASTAMENTO (
    ID INTEGER GENERATED ALWAYS AS IDENTITY PRIMARY KEY,
    INICIO DATE NOT NULL,
    TERMINO DATE NOT NULL,
    ID_TIPO INTEGER NOT NULL,
    ID_PROFISSIONAL INTEGER NOT NULL,
    CONSTRAINT T09D_AFASTAMENTO_FK FOREIGN KEY (ID_PROFISSIONAL) REFERENCES T09D_PROFISSIONAL (ID),
    CONSTRAINT T09D_AFASTAMENTO_FKTIPO FOREIGN KEY (ID_TIPO) REFERENCES T09D_TIPO_AFASTAMENTO (ID)
);

CREATE TABLE T09D_AJUSTE (
    ID INTEGER GENERATED ALWAYS AS IDENTITY PRIMARY KEY,
    DATA_LANCAMENTO DATE NOT NULL,
    QUANTIDADE_HORAS NUMBER(6,2) NOT NULL,
    MOTIVO VARCHAR2(200) NOT NULL,
    ID_TIPO_AJUSTE INTEGER NOT NULL,
    ID_PROFISSIONAL INTEGER NOT NULL,
    CONSTRAINT T09D_AJUSTE_FKPROF FOREIGN KEY (ID_PROFISSIONAL) REFERENCES T09D_PROFISSIONAL (ID),
    CONSTRAINT T09D_AJUSTE_FKTIPO FOREIGN KEY (ID_TIPO_AJUSTE) REFERENCES T09D_TIPO_AJUSTE (ID)
);

CREATE TABLE T09D_BAIRRO (
    ID INTEGER GENERATED ALWAYS AS IDENTITY PRIMARY KEY,
    NOME VARCHAR2(50) NOT NULL UNIQUE,
    MUNICIPIO VARCHAR2(50) NOT NULL,
    SIGLA_UF CHAR(2) NOT NULL
);

CREATE TABLE T09D_BANCO_DE_HORAS (
    ID INTEGER GENERATED ALWAYS AS IDENTITY PRIMARY KEY,
    DATA_BANCO DATE NOT NULL,
    SALDO_HORA NUMBER(6,2) NOT NULL,
    ID_REGISTRO_PONTO INTEGER NOT NULL,
    CONSTRAINT T09D_BANCO_DE_HORAS_FKPON FOREIGN KEY (ID_REGISTRO_PONTO) REFERENCES T09D_REGISTRO_DE_PONTO (ID)
);

CREATE TABLE T09D_COMPENSACAO (
    ID INTEGER GENERATED ALWAYS AS IDENTITY PRIMARY KEY,
    DATA_COMPENSACAO DATE NOT NULL,
    HORAS_USADAS NUMBER(6,2) NOT NULL,
    JUSTIFICATIVA VARCHAR2(200) NOT NULL,
    ID_PROFISSIONAL INTEGER NOT NULL,
    ID_BANCO_HORAS INTEGER NOT NULL,
    CONSTRAINT T09D_COMPENSACAO_FK FOREIGN KEY (ID_BANCO_HORAS) REFERENCES T09D_BANCO_DE_HORAS (ID),
    CONSTRAINT T09D_COMPENSACAO_FK2 FOREIGN KEY (ID_PROFISSIONAL) REFERENCES T09D_PROFISSIONAL (ID)
);

CREATE TABLE T09D_CONTRATO (
    ID INTEGER GENERATED ALWAYS AS IDENTITY PRIMARY KEY,
    EMPRESA_CONTRATANTE VARCHAR2(100) NOT NULL,
    INICIO DATE NOT NULL,
    TERMINO DATE NULL,
    DATA_ADMISSAO DATE NOT NULL,
    ATIVO INTEGER NOT NULL,
    CARGA_HORARIA_SEMANAL NUMBER(5,2) NOT NULL,
    VALOR_MENSAL NUMBER(10,2) NOT NULL,
    ID_TIPO_CONTRATO INTEGER NOT NULL,
    ID_TIPO_JORNADA INTEGER NOT NULL,
    CONSTRAINT T09D_CONTRATO_FKJORNADA FOREIGN KEY (ID_TIPO_JORNADA) REFERENCES T09D_TIPO_JORNADA (ID),
    CONSTRAINT T09D_CONTRATO_FKCONTRATO FOREIGN KEY (ID_TIPO_CONTRATO) REFERENCES T09D_TIPO_CONTRATO (ID)
);

CREATE TABLE T09D_ENDERECO (
    ID INTEGER GENERATED ALWAYS AS IDENTITY PRIMARY KEY,
    LOGRADOURO VARCHAR2(50) NOT NULL,
    COMPLEMENTO VARCHAR2(100),
    NUMERO_CASA INTEGER NOT NULL,
    NUMERO_CEP INTEGER NOT NULL,
    ID_BAIRRO INTEGER NOT NULL,
    CONSTRAINT T09D_ENDERECO_FK FOREIGN KEY (ID_BAIRRO) REFERENCES T09D_BAIRRO (ID)
);

CREATE TABLE T09D_ESCALA (
    ID INTEGER GENERATED ALWAYS AS IDENTITY PRIMARY KEY,
    DATA_SEMANA DATE NOT NULL,
    INICIO TIMESTAMP NOT NULL,
    TERMINO TIMESTAMP NOT NULL,
    ID_PROFISSIONAL INTEGER NOT NULL,
    CONSTRAINT T09D_ESCALA_FK FOREIGN KEY (ID_PROFISSIONAL) REFERENCES T09D_PROFISSIONAL (ID)
);

CREATE TABLE T09D_ESPECIALIZACAO (
    ID INTEGER GENERATED ALWAYS AS IDENTITY PRIMARY KEY,
    NOME VARCHAR2(100) NOT NULL UNIQUE
);

CREATE TABLE T09D_EVENTO_PAGAMENTO (
    ID INTEGER GENERATED ALWAYS AS IDENTITY PRIMARY KEY,
    DESCRICAO VARCHAR2(200),
    ID_FORMA_PAGAMENTO INTEGER NOT NULL,
    ID_RUBRICA INTEGER NOT NULL,
    ID_REGISTRO_PONTO INTEGER NOT NULL,
    ID_BANCO_HORAS INTEGER NOT NULL,
    ID_AFASTAMENTO INTEGER NOT NULL,
    CONSTRAINT T09D_EVENTO_PAGAMENTO_FKAFAS FOREIGN KEY (ID_AFASTAMENTO) REFERENCES T09D_AFASTAMENTO (ID),
    CONSTRAINT T0D9_EVENTO_PAGAMENTO_FKBANC FOREIGN KEY (ID_BANCO_HORAS) REFERENCES T09D_BANCO_DE_HORAS (ID),
    CONSTRAINT T09D_EVENTO_PAGAMENTO_FKFORM FOREIGN KEY (ID_FORMA_PAGAMENTO) REFERENCES T09D_FORMA_DE_PAGAMENTO (ID),
    CONSTRAINT T09D_EVENTO_PAGAMENTO_FKPON FOREIGN KEY (ID_REGISTRO_PONTO) REFERENCES T09D_REGISTRO_DE_PONTO (ID),
    CONSTRAINT T09D_EVENTO_PAGAMENTO_FK_RUB FOREIGN KEY (ID_RUBRICA) REFERENCES T09D_RUBRICA (ID)
);

CREATE TABLE T09D_FERIAS (
    ID INTEGER GENERATED ALWAYS AS IDENTITY PRIMARY KEY,
    INICIO DATE NOT NULL,
    FIM DATE NOT NULL,
    SALDO_DIAS NUMBER(5,2) NOT NULL,
    ID_PROFISSIONAL INTEGER NOT NULL,
    CONSTRAINT T09D_FERIAS_FKPROF FOREIGN KEY (ID_PROFISSIONAL) REFERENCES T09D_PROFISSIONAL (ID)
);

CREATE TABLE T09D_FORMACAO (
    ID INTEGER GENERATED ALWAYS AS IDENTITY PRIMARY KEY,
    DESCRICAO VARCHAR2(100) NOT NULL,
    INSTITUICAO VARCHAR2(100) NOT NULL,
    INICIO DATE NOT NULL,
    FIM DATE NOT NULL,
    NIVEL VARCHAR2(100),
    ID_PROFISSIONAL INTEGER NOT NULL,
    CONSTRAINT T09D_FORMACAO_FKPROF FOREIGN KEY (ID_PROFISSIONAL) REFERENCES T09D_PROFISSIONAL (ID)
);

CREATE TABLE T09D_FORMA_DE_PAGAMENTO (
    ID INTEGER GENERATED ALWAYS AS IDENTITY PRIMARY KEY,
    DESCRICAO VARCHAR2(50) NOT NULL UNIQUE
);

CREATE TABLE T09D_NIVEL_DE_ACESSO (
    ID INTEGER GENERATED ALWAYS AS IDENTITY PRIMARY KEY,
    DESCRICAO VARCHAR2(200) NOT NULL UNIQUE
);

CREATE TABLE T09D_OCUPACAO (
    ID INTEGER GENERATED ALWAYS AS IDENTITY PRIMARY KEY,
    NUMERO_LEITO INTEGER NOT NULL UNIQUE,
    ENTRADA DATE NOT NULL,
    SAIDA DATE,
    ID_PROFISSIONAL INTEGER NOT NULL,
    ID_PACIENTE INTEGER NOT NULL,
    CONSTRAINT T09D_OCUPACAO_FKPROF FOREIGN KEY (ID_PROFISSIONAL) REFERENCES T09D_PROFISSIONAL (ID),
    CONSTRAINT T09D_OCUPACAO_FKPAC FOREIGN KEY (ID_PACIENTE) REFERENCES T09D_PACIENTE (ID)
);

CREATE TABLE T09D_PACIENTE (
    ID INTEGER GENERATED ALWAYS AS IDENTITY PRIMARY KEY,
    NOME VARCHAR2(100) NOT NULL,
    ENTRADA DATE NOT NULL,
    SAIDA DATE,
    SITUACAO VARCHAR2(100) NOT NULL,
    ID_PROFISSIONAL INTEGER NOT NULL,
    CONSTRAINT T09D_PACIENTE_FKPROF FOREIGN KEY (ID_PROFISSIONAL) REFERENCES T09D_PROFISSIONAL (ID)
);

CREATE TABLE T09D_PONTO (
    ID INTEGER GENERATED ALWAYS AS IDENTITY PRIMARY KEY,
    DATA_REGISTRO DATE NOT NULL,
    REGISTRO TIMESTAMP NOT NULL,
    ID_TIPO_PONTO INTEGER NOT NULL,
    CONSTRAINT T09D_PONTO_FK FOREIGN KEY (ID_TIPO_PONTO) REFERENCES T09D_TIPO_PONTO (ID)
);

CREATE TABLE T09D_PROFISSIONAL (
    ID INTEGER GENERATED ALWAYS AS IDENTITY PRIMARY KEY,
    NOME VARCHAR2(200) NOT NULL,
    TELEFONE VARCHAR2(20) NOT NULL UNIQUE,
    EMAIL VARCHAR2(100) NOT NULL UNIQUE,
    CPF VARCHAR2(11) NOT NULL UNIQUE,
    CRM VARCHAR2(50) UNIQUE,
    DATA_NASCIMENTO DATE NOT NULL,
    ID_ENDERECO INTEGER NOT NULL,
    ID_SETOR INTEGER NOT NULL,
    ID_CONTRATO INTEGER NOT NULL,
    ID_NIVEL_ACESSO INTEGER NOT NULL,
    CONSTRAINT T09D_PROFISSIONAL_FKCONTRATO FOREIGN KEY (ID_CONTRATO) REFERENCES T09D_CONTRATO (ID),
    CONSTRAINT T09D_PROFISSIONAL_FKENDERECO FOREIGN KEY (ID_ENDERECO) REFERENCES T09D_ENDERECO (ID),
    CONSTRAINT T09D_PROFISSIONAL_FKACES FOREIGN KEY (ID_NIVEL_ACESSO) REFERENCES T09D_NIVEL_DE_ACESSO (ID),
    CONSTRAINT T09D_PROFISSIONAL_FKSET FOREIGN KEY (ID_SETOR) REFERENCES T09D_SETOR (ID)
);

CREATE TABLE T09D_PROFISSIONAL_ESPEC (
    ID INTEGER GENERATED ALWAYS AS IDENTITY PRIMARY KEY,
    ID_PROFISSIONAL INTEGER NOT NULL,
    ID_ESPECIALIZACAO INTEGER NOT NULL,
    CONSTRAINT T09D_PROFISSIONAL_ESPEC_FKPROF FOREIGN KEY (ID_ESPECIALIZACAO) REFERENCES T09D_ESPECIALIZACAO (ID),
    CONSTRAINT T09D_PROFISSIONAL_ESPEC_FKESPEC FOREIGN KEY (ID_PROFISSIONAL) REFERENCES T09D_PROFISSIONAL (ID)
);

CREATE TABLE T09D_REGISTRO_DE_PONTO (
    ID INTEGER GENERATED ALWAYS AS IDENTITY PRIMARY KEY,
    DATA_REGISTRO DATE NOT NULL,
    OBSERVACOES VARCHAR2(200),
    ID_AJUSTE INTEGER NOT NULL,
    ID_COMPENSACAO INTEGER NOT NULL,
    ID_PONTO INTEGER NOT NULL,
    ID_PROFISSIONAL INTEGER NOT NULL,
    ID_ESCALA INTEGER NOT NULL,
    ID_FERIAS INTEGER NOT NULL,
    CONSTRAINT T09D_REGISTRO_PONTO_FKESCA FOREIGN KEY (ID_ESCALA) REFERENCES T09D_ESCALA (ID),
    CONSTRAINT T09D_REGISTRO_PONTO_FKFERIAS FOREIGN KEY (ID_FERIAS) REFERENCES T09D_FERIAS (ID),
    CONSTRAINT T09D_REGISTRO_DE_PONTO_FKPROF FOREIGN KEY (ID_PROFISSIONAL) REFERENCES T09D_PROFISSIONAL (ID),
    CONSTRAINT T09D_REGISTRO_DE_PONTO_FKPONT FOREIGN KEY (ID_PONTO) REFERENCES T09D_PONTO (ID),
    CONSTRAINT T09D_REGISTRO_DE_PONTO_FKAJU FOREIGN KEY (ID_AJUSTE) REFERENCES T09D_AJUSTE (ID),
    CONSTRAINT T09D_REGISTRO_DE_PONTO_FKCOMP FOREIGN KEY (ID_COMPENSACAO) REFERENCES T09D_COMPENSACAO (ID)
);

CREATE TABLE T09D_RUBRICA (
    ID INTEGER GENERATED ALWAYS AS IDENTITY PRIMARY KEY,
    DESCRICAO VARCHAR2(200) NOT NULL UNIQUE,
    ID_TIPO_RUBRICA INTEGER NOT NULL,
    CONSTRAINT T09D_RUBRICA_FK FOREIGN KEY (ID_TIPO_RUBRICA) REFERENCES T09D_TIPO_RUBRICA (ID)
);

CREATE TABLE T09D_SETOR (
    ID INTEGER GENERATED ALWAYS AS IDENTITY PRIMARY KEY,
    NOME VARCHAR2(50) NOT NULL UNIQUE
);

CREATE TABLE T09D_TIPO_AFASTAMENTO (
    ID INTEGER GENERATED ALWAYS AS IDENTITY PRIMARY KEY,
    DESCRICAO VARCHAR2(100) NOT NULL UNIQUE
);

CREATE TABLE T09D_TIPO_AJUSTE (
    ID INTEGER GENERATED ALWAYS AS IDENTITY PRIMARY KEY,
    DESCRICAO VARCHAR2(200) NOT NULL UNIQUE
);

CREATE TABLE T09D_TIPO_CONTRATO (
    ID INTEGER GENERATED ALWAYS AS IDENTITY PRIMARY KEY,
    NOME VARCHAR2(100) NOT NULL UNIQUE
);

CREATE TABLE T09D_TIPO_JORNADA (
    ID INTEGER GENERATED ALWAYS AS IDENTITY PRIMARY KEY,
    NOME VARCHAR2(50) NOT NULL UNIQUE
);

CREATE TABLE T09D_TIPO_PONTO (
    ID INTEGER GENERATED ALWAYS AS IDENTITY PRIMARY KEY,
    DESCRICAO VARCHAR2(50) NOT NULL UNIQUE
);

CREATE TABLE T09D_TIPO_RUBRICA (
    ID INTEGER GENERATED ALWAYS AS IDENTITY PRIMARY KEY,
    DESCRICAO_TIPO VARCHAR2(200) NOT NULL UNIQUE
);

-- 1. T09D_AFASTAMENTO
INSERT INTO T09D_AFASTAMENTO (INICIO, TERMINO, ID_TIPO, ID_PROFISSIONAL) VALUES
('2025-05-01', '2025-05-10', 1, 1),
('2025-06-01', '2025-06-15', 2, 2),
('2025-07-01', '2025-07-10', 1, 3),
('2025-08-01', '2025-08-15', 2, 4),
('2025-09-01', '2025-09-10', 1, 5),
('2025-10-01', '2025-10-10', 2, 6),
('2025-11-01', '2025-11-15', 1, 7),
('2025-12-01', '2025-12-10', 2, 8),
('2025-01-01', '2025-01-10', 1, 9),
('2025-02-01', '2025-02-15', 2, 10),
('2025-03-01', '2025-03-10', 1, 11),
('2025-04-01', '2025-04-10', 2, 12);

-- 2. T09D_AJUSTE
INSERT INTO T09D_AJUSTE (DATA_LANCAMENTO, QUANTIDADE_HORAS, MOTIVO, ID_TIPO_AJUSTE, ID_PROFISSIONAL) VALUES
('2025-05-01', 8, 'Falta', 1, 1),
('2025-06-01', 4, 'Troca de turno', 2, 2),
('2025-07-01', 8, 'Ausência Justificada', 1, 3),
('2025-08-01', 4, 'Falta', 2, 4),
('2025-09-01', 8, 'Troca de turno', 1, 5),
('2025-10-01', 4, 'Ausência Justificada', 2, 6),
('2025-11-01', 8, 'Falta', 1, 7),
('2025-12-01', 4, 'Troca de turno', 2, 8),
('2025-01-01', 8, 'Ausência Justificada', 1, 9),
('2025-02-01', 4, 'Falta', 2, 10),
('2025-03-01', 8, 'Troca de turno', 1, 11),
('2025-04-01', 4, 'Ausência Justificada', 2, 12);

-- 3. T09D_BAIRRO (Bairros de Blumenau)
INSERT INTO T09D_BAIRRO (NOME, MUNICIPIO, SIGLA_UF) VALUES
('Água Verde', 'Blumenau', 'SC'),
('Badenfurt', 'Blumenau', 'SC'),
('Boa Vista', 'Blumenau', 'SC'),
('Bom Retiro', 'Blumenau', 'SC'),
('Centro', 'Blumenau', 'SC'),
('Escola Agrícola', 'Blumenau', 'SC'),
('Fidélis', 'Blumenau', 'SC'),
('Fortaleza', 'Blumenau', 'SC'),
('Fortaleza Alta', 'Blumenau', 'SC'),
('Garcia', 'Blumenau', 'SC'),
('Glória', 'Blumenau', 'SC'),
('Itoupava Central', 'Blumenau', 'SC'),
('Itoupava Norte', 'Blumenau', 'SC'),
('Itoupava Seca', 'Blumenau', 'SC'),
('Itoupavazinha', 'Blumenau', 'SC'),
('Jardim Blumenau', 'Blumenau', 'SC'),
('Nova Esperança', 'Blumenau', 'SC'),
('Passo Manso', 'Blumenau', 'SC'),
('Ponta Aguda', 'Blumenau', 'SC'),
('Progresso', 'Blumenau', 'SC'),
('Ribeirão Fresco', 'Blumenau', 'SC'),
('Salto', 'Blumenau', 'SC'),
('Salto do Norte', 'Blumenau', 'SC'),
('Salto Weissbach', 'Blumenau', 'SC'),
('Testo Salto', 'Blumenau', 'SC'),
('Tribess', 'Blumenau', 'SC'),
('Valparaíso', 'Blumenau', 'SC'),
('Velha', 'Blumenau', 'SC'),
('Velha Central', 'Blumenau', 'SC'),
('Velha Grande', 'Blumenau', 'SC'),
('Victor Konder', 'Blumenau', 'SC'),
('Vila Formosa', 'Blumenau', 'SC'),
('Vila Itoupava', 'Blumenau', 'SC'),
('Vila Nova', 'Blumenau', 'SC'),
('Vorstadt', 'Blumenau', 'SC');

-- 4. T09D_BANCO_DE_HORAS
INSERT INTO T09D_BANCO_DE_HORAS (DATA_BANCO, SALDO_HORA, ID_REGISTRO_PONTO) VALUES
('2025-05-01', 8, 1),
('2025-06-01', 4, 2),
('2025-07-01', 8, 3),
('2025-08-01', 4, 4),
('2025-09-01', 8, 5),
('2025-10-01', 4, 6),
('2025-11-01', 8, 7),
('2025-12-01', 4, 8),
('2025-01-01', 8, 9),
('2025-02-01', 4, 10),
('2025-03-01', 8, 11),
('2025-04-01', 4, 12);

-- 5. T09D_COMPENSACAO
INSERT INTO T09D_COMPENSACAO (DATA_COMPENSACAO, HORAS_USADAS, JUSTIFICATIVA, ID_PROFISSIONAL, ID_BANCO_HORAS) VALUES
('2025-05-01', 8, 'Troca de turno', 1, 1),
('2025-06-01', 4, 'Falta', 2, 2),
('2025-07-01', 8, 'Ausência Justificada', 3, 3),
('2025-08-01', 4, 'Troca de turno', 4, 4),
('2025-09-01', 8, 'Falta', 5, 5),
('2025-10-01', 4, 'Ausência Justificada', 6, 6),
('2025-11-01', 8, 'Troca de turno', 7, 7),
('2025-12-01', 4, 'Falta', 8, 8),
('2025-01-01', 8, 'Ausência Justificada', 9, 9),
('2025-02-01', 4, 'Troca de turno', 10, 10),
('2025-03-01', 8, 'Falta', 11, 11),
('2025-04-01', 4, 'Ausência Justificada', 12, 12);

-- 6. T09D_CONTRATO
INSERT INTO T09D_CONTRATO (EMPRESA_CONTRATANTE, INICIO, TERMINO, DATA_ADMISSAO, ATIVO, CARGA_HORARIA_SEMANAL, VALOR_MENSAL, ID_TIPO_CONTRATO, ID_TIPO_JORNADA) VALUES
('Empresa A', '2025-05-01', '2025-05-31', '2025-05-01', 1, 40, 2000, 1, 1),
('Empresa B', '2025-06-01', '2025-06-30', '2025-06-01', 1, 40, 2200, 2, 2),
('Empresa C', '2025-07-01', '2025-07-31', '2025-07-01', 1, 40, 2300, 1, 1),
('Empresa D', '2025-08-01', '2025-08-31', '2025-08-01', 1, 40, 2400, 2, 2),
('Empresa E', '2025-09-01', '2025-09-30', '2025-09-01', 1, 40, 2500, 1, 1),
('Empresa F', '2025-10-01', '2025-10-31', '2025-10-01', 1, 40, 2600, 2, 2),
('Empresa G', '2025-11-01', '2025-11-30', '2025-11-01', 1, 40, 2700, 1, 1),
('Empresa H', '2025-12-01', '2025-12-31', '2025-12-01', 1, 40, 2800, 2, 2),
('Empresa I', '2025-01-01', '2025-01-31', '2025-01-01', 1, 40, 2900, 1, 1),
('Empresa J', '2025-02-01', '2025-02-28', '2025-02-01', 1, 40, 3000, 2, 2),
('Empresa K', '2025-03-01', '2025-03-31', '2025-03-01', 1, 40, 3100, 1, 1),
('Empresa L', '2025-04-01', '2025-04-30', '2025-04-01', 1, 40, 3200, 2, 2);

-- 7. T09D_ENDERECO
INSERT INTO T09D_ENDERECO (LOGRADOURO, COMPLEMENTO, NUMERO_CASA, NUMERO_CEP, ID_BAIRRO) VALUES
('Rua 1', 'Apto 101', '100', '89000-000', 1),
('Rua 2', 'Apto 102', '101', '89001-000', 2),
('Rua 3', 'Apto 103', '102', '89002-000', 3),
('Rua 4', 'Apto 104', '103', '89003-000', 4),
('Rua 5', 'Apto 105', '104', '89004-000', 5),
('Rua 6', 'Apto 106', '105', '89005-000', 6),
('Rua 7', 'Apto 107', '106', '89006-000', 7),
('Rua 8', 'Apto 108', '107', '89007-000', 8),
('Rua 9', 'Apto 109', '108', '89008-000', 9),
('Rua 10', 'Apto 110', '109', '89009-000', 10),
('Rua 11', 'Apto 111', '110', '89010-000', 11),
('Rua 12', 'Apto 112', '111', '89011-000', 12);

-- 8. T09D_ESCALA
INSERT INTO T09D_ESCALA (DATA_SEMANA, INICIO, TERMINO, ID_PROFISSIONAL) VALUES
('2025-05-01', '08:00', '17:00', 1),
('2025-06-01', '09:00', '18:00', 2),
('2025-07-01', '10:00', '19:00', 3),
('2025-08-01', '07:00', '16:00', 4),
('2025-09-01', '08:00', '17:00', 5),
('2025-10-01', '09:00', '18:00', 6),
('2025-11-01', '10:00', '19:00', 7),
('2025-12-01', '07:00', '16:00', 8),
('2025-01-01', '08:00', '17:00', 9),
('2025-02-01', '09:00', '18:00', 10),
('2025-03-01', '10:00', '19:00', 11),
('2025-04-01', '07:00', '16:00', 12);

-- 9. T09D_ESPECIALIZACAO
INSERT INTO T09D_ESPECIALIZACAO (NOME) VALUES
('Especialização A'),
('Especialização B'),
('Especialização C'),
('Especialização D'),
('Especialização E'),
('Especialização F'),
('Especialização G'),
('Especialização H'),
('Especialização I'),
('Especialização J'),
('Especialização K'),
('Especialização L');

-- 10. T09D_EVENTO_PAGAMENTO
INSERT INTO T09D_EVENTO_PAGAMENTO (DESCRICAO, ID_FORMA_PAGAMENTO, ID_RUBRICA, ID_REGISTRO_PONTO, ID_BANCO_HORAS, ID_AFASTAMENTO) VALUES
('Pagamento Extra', 1, 1, 1, 1, 1),
('Pagamento Adicional', 2, 2, 2, 2, 2),
('Pagamento Normal', 1, 3, 3, 3, 3),
('Pagamento Extra', 2, 4, 4, 4, 4),
('Pagamento Adicional', 1, 5, 5, 5, 5),
('Pagamento Normal', 2, 6, 6, 6, 6),
('Pagamento Extra', 1, 7, 7, 7, 7),
('Pagamento Adicional', 2, 8, 8, 8, 8),
('Pagamento Normal', 1, 9, 9, 9, 9),
('Pagamento Extra', 2, 10, 10, 10, 10),
('Pagamento Adicional', 1, 11, 11, 11, 11),
('Pagamento Normal', 2, 12, 12, 12, 12);

-- 11. T09D_FERIAS
INSERT INTO T09D_FERIAS (INICIO, FIN, SALDO_DIAS, ID_PROFISSIONAL) VALUES
('2025-06-01', '2025-06-15', 15, 1),
('2025-07-01', '2025-07-15', 15, 2),
('2025-08-01', '2025-08-15', 15, 3),
('2025-09-01', '2025-09-15', 15, 4),
('2025-10-01', '2025-10-15', 15, 5),
('2025-11-01', '2025-11-15', 15, 6),
('2025-12-01', '2025-12-15', 15, 7),
('2025-01-01', '2025-01-15', 15, 8),
('2025-02-01', '2025-02-15', 15, 9),
('2025-03-01', '2025-03-15', 15, 10),
('2025-04-01', '2025-04-15', 15, 11),
('2025-05-01', '2025-05-15', 15, 12);

-- 12. T09D_FORMACAO
INSERT INTO T09D_FORMACAO (DESCRICAO, INSTITUICAO, INICIO, FIM, NIVEL, ID_PROFISSIONAL) VALUES
('Formação A', 'Instituição A', '2020-01-01', '2020-12-31', 'Bacharel', 1),
('Formação B', 'Instituição B', '2021-01-01', '2021-12-31', 'Mestre', 2),
('Formação C', 'Instituição C', '2022-01-01', '2022-12-31', 'Doutor', 3),
('Formação D', 'Instituição D', '2023-01-01', '2023-12-31', 'Bacharel', 4),
('Formação E', 'Instituição E', '2020-01-01', '2020-12-31', 'Mestre', 5),
('Formação F', 'Instituição F', '2021-01-01', '2021-12-31', 'Doutor', 6),
('Formação G', 'Instituição G', '2022-01-01', '2022-12-31', 'Bacharel', 7),
('Formação H', 'Instituição H', '2023-01-01', '2023-12-31', 'Mestre', 8),
('Formação I', 'Instituição I', '2020-01-01', '2020-12-31', 'Doutor', 9),
('Formação J', 'Instituição J', '2021-01-01', '2021-12-31', 'Bacharel', 10),
('Formação K', 'Instituição K', '2022-01-01', '2022-12-31', 'Mestre', 11),
('Formação L', 'Instituição L', '2023-01-01', '2023-12-31', 'Doutor', 12);

-- 13. T09D_FORMA_DE_PAGAMENTO
INSERT INTO T09D_FORMA_DE_PAGAMENTO (DESCRICAO) VALUES
('Dinheiro'),
('Cheque'),
('Transferência Bancária'),
('Cartão de Crédito'),
('Cartão de Débito'),
('Boleto'),
('Pix'),
('Débito em Conta'),
('Crédito em Conta'),
('Recibo de Pagamento'),
('Voucher'),
('Outros');

-- 14. T09D_NIVEL_DE_ACESSO
INSERT INTO T09D_NIVEL_DE_ACESSO (DESCRICAO) VALUES
('Administrador'),
('Gerente'),
('Coordenador'),
('Supervisor'),
('Analista'),
('Assistente'),
('Estagiário'),
('Técnico'),
('Especialista'),
('Consultor'),
('Diretor'),
('CEO');

-- 15. T09D_OCUPACAO
INSERT INTO T09D_OCUPACAO (NUMERO_LEITO, ENTRADA, SAIDA, ID_PROFISSIONAL, ID_PACIENTE) VALUES
(1, '2025-05-01 08:00', '2025-05-10 10:00', 1, 1),
(2, '2025-05-02 09:00', '2025-05-11 11:00', 2, 2),
(3, '2025-05-03 10:00', '2025-05-12 12:00', 3, 3),
(4, '2025-05-04 11:00', '2025-05-13 13:00', 4, 4),
(5, '2025-05-05 12:00', '2025-05-14 14:00', 5, 5),
(6, '2025-05-06 13:00', '2025-05-15 15:00', 6, 6),
(7, '2025-05-07 14:00', '2025-05-16 16:00', 7, 7),
(8, '2025-05-08 15:00', '2025-05-17 17:00', 8, 8),
(9, '2025-05-09 16:00', '2025-05-18 18:00', 9, 9),
(10, '2025-05-10 17:00', '2025-05-19 19:00', 10, 10),
(11, '2025-05-11 18:00', '2025-05-20 20:00', 11, 11),
(12, '2025-05-12 19:00', '2025-05-21 21:00', 12, 12);

-- 16. T09D_PACIENTE
INSERT INTO T09D_PACIENTE (NOME, ENTRADA, SAIDA, SITUACAO, ID_PROFISSIONAL) VALUES
('Paciente 1', '2025-05-01', '2025-05-10', 'Alta', 1),
('Paciente 2', '2025-05-02', '2025-05-11', 'Em Tratamento', 2),
('Paciente 3', '2025-05-03', '2025-05-12', 'Alta', 3),
('Paciente 4', '2025-05-04', '2025-05-13', 'Em Tratamento', 4),
('Paciente 5', '2025-05-05', '2025-05-14', 'Alta', 5),
('Paciente 6', '2025-05-06', '2025-05-15', 'Em Tratamento', 6),
('Paciente 7', '2025-05-07', '2025-05-16', 'Alta', 7),
('Paciente 8', '2025-05-08', '2025-05-17', 'Em Tratamento', 8),
('Paciente 9', '2025-05-09', '2025-05-18', 'Alta', 9),
('Paciente 10', '2025-05-10', '2025-05-19', 'Em Tratamento', 10),
('Paciente 11', '2025-05-11', '2025-05-20', 'Alta', 11),
('Paciente 12', '2025-05-12', '2025-05-21', 'Em Tratamento', 12);

-- 17. T09D_PONTO
INSERT INTO T09D_PONTO (DATA_REGISTRO, REGISTRO, ID_TIPO_PONTO) VALUES
('2025-05-01 08:00', '1234', 1),
('2025-05-02 09:00', '1235', 1),
('2025-05-03 10:00', '1236', 1),
('2025-05-04 11:00', '1237', 1),
('2025-05-05 12:00', '1238', 1),
('2025-05-06 13:00', '1239', 1),
('2025-05-07 14:00', '1240', 1),
('2025-05-08 15:00', '1241', 1),
('2025-05-09 16:00', '1242', 1),
('2025-05-10 17:00', '1243', 1),
('2025-05-11 18:00', '1244', 1),
('2025-05-12 19:00', '1245', 1);

-- 18. T09D_TIPO_RUBRICA
INSERT INTO T09D_TIPO_RUBRICA (DESCRICAO) VALUES
('Rubrica A'),
('Rubrica B'),
('Rubrica C'),
('Rubrica D'),
('Rubrica E'),
('Rubrica F'),
('Rubrica G'),
('Rubrica H'),
('Rubrica I'),
('Rubrica J'),
('Rubrica K'),
('Rubrica L');

-- 19. T09D_TIPO_PONTO
INSERT INTO T09D_TIPO_PONTO (DESCRICAO) VALUES
('Entrada'),
('Saída');

-- 20. T09D_TIPO_JORNADA
INSERT INTO T09D_TIPO_JORNADA (DESCRICAO) VALUES
('Diurna'),
('Noturna'),
('Intermitente'),
('Escalada'),
('Flexível'),
('Sábado'),
('Domingo'),
('Feriado'),
('Reduzida'),
('Integral'),
('Periódica'),
('Combinada');

-- 21. T09D_TIPO_CONTRATO
INSERT INTO T09D_TIPO_CONTRATO (DESCRICAO) VALUES
('Contrato Temporário'),
('Contrato Permanente'),
('Contrato de Estágio'),
('Contrato de Trabalho Intermitente'),
('Contrato de Experiência'),
('Contrato de Prestação de Serviços'),
('Contrato de Terceirização'),
('Contrato Coletivo'),
('Contrato Individual'),
('Contrato com Férias Proporcionais'),
('Contrato com Seguro de Vida'),
('Contrato com Vale Alimentação');

-- 22. T09D_TIPO_AJUSTE
INSERT INTO T09D_TIPO_AJUSTE (DESCRICAO) VALUES
('Ajuste de Horas Extras'),
('Ajuste de Banco de Horas'),
('Ajuste de Faltas'),
('Ajuste de Atrasos'),
('Ajuste de Compensação'),
('Ajuste de Ausências'),
('Ajuste de Reposição'),
('Ajuste de Jornada'),
('Ajuste de Descontos'),
('Ajuste de Adicionais'),
('Ajuste de Remuneração'),
('Ajuste de Benefícios');

-- 23. T09D_TIPO_AFASTAMENTO
INSERT INTO T09D_TIPO_AFASTAMENTO (DESCRICAO) VALUES
('Licença Médica'),
('Licença Paternidade'),
('Licença Maternidade'),
('Férias'),
('Afastamento para Tratamento de Saúde'),
('Afastamento por Motivo Pessoal'),
('Afastamento para Estudo'),
('Afastamento por Acidente de Trabalho'),
('Licença por Doença de Cônjuge'),
('Licença para Comparecimento a Tribunal'),
('Licença Não Remunerada'),
('Afastamento por Interesse Pessoal');

-- 24. T09D_SETOR
INSERT INTO T09D_SETOR (DESCRICAO) VALUES
('Administração'),
('Financeiro'),
('Recursos Humanos'),
('TI'),
('Operações'),
('Marketing'),
('Jurídico'),
('Comercial'),
('Logística'),
('Vendas'),
('Suporte'),
('Pesquisa e Desenvolvimento');

-- 25. T09D_RUBRICA
INSERT INTO T09D_RUBRICA (DESCRICAO, ID_TIPO_RUBRICA) VALUES
('Rubrica de Salário', 1),
('Rubrica de Bonificação', 2),
('Rubrica de Horas Extras', 3),
('Rubrica de Férias', 4),
('Rubrica de 13º Salário', 5),
('Rubrica de Comissão', 6),
('Rubrica de Desconto', 7),
('Rubrica de Remuneração Variável', 8),
('Rubrica de Adicional de Insalubridade', 9),
('Rubrica de Adicional de Periculosidade', 10),
('Rubrica de Vale Alimentação', 11),
('Rubrica de Vale Transporte', 12);

-- 26. T09D_REGISTRO_DE_PONTO
INSERT INTO T09D_REGISTRO_DE_PONTO (DATA_REGISTRO, OBSERVACOES, ID_AJUSTE, ID_COMPENSACAO, ID_PONTO, ID_PROFISSIONAL, ID_ESCALA, ID_FERIAS) VALUES
('2025-05-01 08:00', 'Entrada Normal', 1, 1, 1, 1, 1, 1),
('2025-05-02 09:00', 'Entrada Normal', 2, 2, 2, 2, 2, 2),
('2025-05-03 10:00', 'Entrada Normal', 3, 3, 3, 3, 3, 3),
('2025-05-04 11:00', 'Entrada Normal', 4, 4, 4, 4, 4, 4),
('2025-05-05 12:00', 'Entrada Normal', 5, 5, 5, 5, 5, 5),
('2025-05-06 13:00', 'Entrada Normal', 6, 6, 6, 6, 6, 6),
('2025-05-07 14:00', 'Entrada Normal', 7, 7, 7, 7, 7, 7),
('2025-05-08 15:00', 'Entrada Normal', 8, 8, 8, 8, 8, 8),
('2025-05-09 16:00', 'Entrada Normal', 9, 9, 9, 9, 9, 9),
('2025-05-10 17:00', 'Entrada Normal', 10, 10, 10, 10, 10, 10),
('2025-05-11 18:00', 'Entrada Normal', 11, 11, 11, 11, 11, 11),
('2025-05-12 19:00', 'Entrada Normal', 12, 12, 12, 12, 12, 12);

-- 27. T09D_PROFISSIONAL_ESPEC
INSERT INTO T09D_PROFISSIONAL_ESPEC (ID_PROFISSIONAL, ID_ESPECIALIZACAO) VALUES
(1, 1),
(2, 2),
(3, 3),
(4, 4),
(5, 5),
(6, 6),
(7, 7),
(8, 8),
(9, 9),
(10, 10),
(11, 11),
(12, 12);

-- 28. T09D_PROFISSIONAL
INSERT INTO T09D_PROFISSIONAL (NOME, TELEFONE, EMAIL, CPF, CRM, DATA_NASCIMENTO, ID_ENDERECO, ID_SETOR, ID_CONTRATO, ID_NIVEL_ACESSO) VALUES
('Profissional 1', '(47) 1234-5678', 'prof1@empresa.com', '123.456.789-00', 'CRM12345', '1980-01-01', 1, 1, 1, 1),
('Profissional 2', '(47) 2345-6789', 'prof2@empresa.com', '234.567.890-01', 'CRM23456', '1981-02-02', 2, 2, 2, 2),
('Profissional 3', '(47) 3456-7890', 'prof3@empresa.com', '345.678.901-02', 'CRM34567', '1982-03-03', 3, 3, 3, 3),
('Profissional 4', '(47) 4567-8901', 'prof4@empresa.com', '456.789.012-03', 'CRM45678', '1983-04-04', 4, 4, 4, 4),
('Profissional 5', '(47) 5678-9012', 'prof5@empresa.com', '567.890.123-04', 'CRM56789', '1984-05-05', 5, 5, 5, 5),
('Profissional 6', '(47) 6789-0123', 'prof6@empresa.com', '678.901.234-05', 'CRM67890', '1985-06-06', 6, 6, 6, 6),
('Profissional 7', '(47) 7890-1234', 'prof7@empresa.com', '789.012.345-06', 'CRM78901', '1986-07-07', 7, 7, 7, 
