-- 9. T09D_ESPECIALIZACAO
INSERT INTO T09D_ESPECIALIZACAO (NOME) VALUES
('Especialização A'),
('Especialização B'),
('Especialização C'),
('Especialização D'),
('Especialização E'),
('Especialização F'),
('Especialização G'),
('Especialização H'),
('Especialização I'),
('Especialização J'),
('Especialização K'),
('Especialização L');

-- 3. T09D_BAIRRO (Bairros de Blumenau)
INSERT INTO T09D_BAIRRO (NOME, MUNICIPIO, SIGLA_UF) VALUES
('Água Verde', 'Blumenau', 'SC'),
('Badenfurt', 'Blumenau', 'SC'),
('Boa Vista', 'Blumenau', 'SC'),
('Bom Retiro', 'Blumenau', 'SC'),
('Centro', 'Blumenau', 'SC'),
('Escola Agrícola', 'Blumenau', 'SC'),
('Fidélis', 'Blumenau', 'SC'),
('Fortaleza', 'Blumenau', 'SC'),
('Fortaleza Alta', 'Blumenau', 'SC'),
('Garcia', 'Blumenau', 'SC'),
('Glória', 'Blumenau', 'SC'),
('Itoupava Central', 'Blumenau', 'SC'),
('Itoupava Norte', 'Blumenau', 'SC'),
('Itoupava Seca', 'Blumenau', 'SC'),
('Itoupavazinha', 'Blumenau', 'SC'),
('Jardim Blumenau', 'Blumenau', 'SC'),
('Nova Esperança', 'Blumenau', 'SC'),
('Passo Manso', 'Blumenau', 'SC'),
('Ponta Aguda', 'Blumenau', 'SC'),
('Progresso', 'Blumenau', 'SC'),
('Ribeirão Fresco', 'Blumenau', 'SC'),
('Salto', 'Blumenau', 'SC'),
('Salto do Norte', 'Blumenau', 'SC'),
('Salto Weissbach', 'Blumenau', 'SC'),
('Testo Salto', 'Blumenau', 'SC'),
('Tribess', 'Blumenau', 'SC'),
('Valparaíso', 'Blumenau', 'SC'),
('Velha', 'Blumenau', 'SC'),
('Velha Central', 'Blumenau', 'SC'),
('Velha Grande', 'Blumenau', 'SC'),
('Victor Konder', 'Blumenau', 'SC'),
('Vila Formosa', 'Blumenau', 'SC'),
('Vila Itoupava', 'Blumenau', 'SC'),
('Vila Nova', 'Blumenau', 'SC'),
('Vorstadt', 'Blumenau', 'SC');

-- 13. T09D_FORMA_DE_PAGAMENTO
INSERT INTO T09D_FORMA_DE_PAGAMENTO (DESCRICAO) VALUES
('Dinheiro'),
('Cheque'),
('Transferência Bancária'),
('Cartão de Crédito'),
('Cartão de Débito'),
('Boleto'),
('Pix'),
('Débito em Conta'),
('Crédito em Conta'),
('Recibo de Pagamento'),
('Voucher'),
('Outros');

-- 18. T09D_TIPO_RUBRICA
INSERT INTO T09D_TIPO_RUBRICA (DESCRICAO) VALUES
('Rubrica A'),
('Rubrica B'),
('Rubrica C'),
('Rubrica D'),
('Rubrica E'),
('Rubrica F'),
('Rubrica G'),
('Rubrica H'),
('Rubrica I'),
('Rubrica J'),
('Rubrica K'),
('Rubrica L');

-- 20. T09D_TIPO_JORNADA
INSERT INTO T09D_TIPO_JORNADA (DESCRICAO) VALUES
('Diurna'),
('Noturna'),
('Intermitente'),
('Escalada'),
('Flexível'),
('Sábado'),
('Domingo'),
('Feriado'),
('Reduzida'),
('Integral'),
('Periódica'),
('Combinada');

-- 21. T09D_TIPO_CONTRATO
INSERT INTO T09D_TIPO_CONTRATO (DESCRICAO) VALUES
('Contrato Temporário'),
('Contrato Permanente'),
('Contrato de Estágio'),
('Contrato de Trabalho Intermitente'),
('Contrato de Experiência'),
('Contrato de Prestação de Serviços'),
('Contrato de Terceirização'),
('Contrato Coletivo'),
('Contrato Individual'),
('Contrato com Férias Proporcionais'),
('Contrato com Seguro de Vida'),
('Contrato com Vale Alimentação');

-- 22. T09D_TIPO_AJUSTE
INSERT INTO T09D_TIPO_AJUSTE (DESCRICAO) VALUES
('Ajuste de Horas Extras'),
('Ajuste de Banco de Horas'),
('Ajuste de Faltas'),
('Ajuste de Atrasos'),
('Ajuste de Compensação'),
('Ajuste de Ausências'),
('Ajuste de Reposição'),
('Ajuste de Jornada'),
('Ajuste de Descontos'),
('Ajuste de Adicionais'),
('Ajuste de Remuneração'),
('Ajuste de Benefícios');

-- 23. T09D_TIPO_AFASTAMENTO
INSERT INTO T09D_TIPO_AFASTAMENTO (DESCRICAO) VALUES
('Licença Médica'),
('Licença Paternidade'),
('Licença Maternidade'),
('Férias'),
('Afastamento para Tratamento de Saúde'),
('Afastamento por Motivo Pessoal'),
('Afastamento para Estudo'),
('Afastamento por Acidente de Trabalho'),
('Licença por Doença de Cônjuge'),
('Licença para Comparecimento a Tribunal'),
('Licença Não Remunerada'),
('Afastamento por Interesse Pessoal');

-- 24. T09D_SETOR
INSERT INTO T09D_SETOR (DESCRICAO) VALUES
('Administração'),
('Financeiro'),
('Recursos Humanos'),
('TI'),
('Operações'),
('Marketing'),
('Jurídico'),
('Comercial'),
('Logística'),
('Vendas'),
('Suporte'),
('Pesquisa e Desenvolvimento');

-- 25. T09D_RUBRICA
INSERT INTO T09D_RUBRICA (DESCRICAO, ID_TIPO_RUBRICA) VALUES
('Rubrica de Salário', 1),
('Rubrica de Bonificação', 2),
('Rubrica de Horas Extras', 3),
('Rubrica de Férias', 4),
('Rubrica de 13º Salário', 5),
('Rubrica de Comissão', 6),
('Rubrica de Desconto', 7),
('Rubrica de Remuneração Variável', 8),
('Rubrica de Adicional de Insalubridade', 9),
('Rubrica de Adicional de Periculosidade', 10),
('Rubrica de Vale Alimentação', 11),
('Rubrica de Vale Transporte', 12);

-- 7. T09D_ENDERECO
INSERT INTO T09D_ENDERECO (LOGRADOURO, COMPLEMENTO, NUMERO_CASA, NUMERO_CEP, ID_BAIRRO) VALUES
('Rua 1', 'Apto 101', '100', '89000-000', 1),
('Rua 2', 'Apto 102', '101', '89001-000', 2),
('Rua 3', 'Apto 103', '102', '89002-000', 3),
('Rua 4', 'Apto 104', '103', '89003-000', 4),
('Rua 5', 'Apto 105', '104', '89004-000', 5),
('Rua 6', 'Apto 106', '105', '89005-000', 6),
('Rua 7', 'Apto 107', '106', '89006-000', 7),
('Rua 8', 'Apto 108', '107', '89007-000', 8),
('Rua 9', 'Apto 109', '108', '89008-000', 9),
('Rua 10', 'Apto 110', '109', '89009-000', 10),
('Rua 11', 'Apto 111', '110', '89010-000', 11),
('Rua 12', 'Apto 112', '111', '89011-000', 12);

-- 6. T09D_CONTRATO
INSERT INTO T09D_CONTRATO (EMPRESA_CONTRATANTE, INICIO, TERMINO, DATA_ADMISSAO, ATIVO, CARGA_HORARIA_SEMANAL, VALOR_MENSAL, ID_TIPO_CONTRATO, ID_TIPO_JORNADA) VALUES
('Empresa A', '2025-05-01', '2025-05-31', '2025-05-01', 1, 40, 2000, 1, 1),
('Empresa B', '2025-06-01', '2025-06-30', '2025-06-01', 1, 40, 2200, 2, 2),
('Empresa C', '2025-07-01', '2025-07-31', '2025-07-01', 1, 40, 2300, 1, 1),
('Empresa D', '2025-08-01', '2025-08-31', '2025-08-01', 1, 40, 2400, 2, 2),
('Empresa E', '2025-09-01', '2025-09-30', '2025-09-01', 1, 40, 2500, 1, 1),
('Empresa F', '2025-10-01', '2025-10-31', '2025-10-01', 1, 40, 2600, 2, 2),
('Empresa G', '2025-11-01', '2025-11-30', '2025-11-01', 1, 40, 2700, 1, 1),
('Empresa H', '2025-12-01', '2025-12-31', '2025-12-01', 1, 40, 2800, 2, 2),
('Empresa I', '2025-01-01', '2025-01-31', '2025-01-01', 1, 40, 2900, 1, 1),
('Empresa J', '2025-02-01', '2025-02-28', '2025-02-01', 1, 40, 3000, 2, 2),
('Empresa K', '2025-03-01', '2025-03-31', '2025-03-01', 1, 40, 3100, 1, 1),
('Empresa L', '2025-04-01', '2025-04-30', '2025-04-01', 1, 40, 3200, 2, 2);

-- 14. T09D_NIVEL_DE_ACESSO
INSERT INTO T09D_NIVEL_DE_ACESSO (DESCRICAO) VALUES
('Administrador'),
('Gerente'),
('Coordenador'),
('Supervisor'),
('Analista'),
('Assistente'),
('Estagiário'),
('Técnico'),
('Especialista'),
('Consultor'),
('Diretor'),
('CEO');

-- 28. T09D_PROFISSIONAL
INSERT INTO T09D_PROFISSIONAL (NOME, TELEFONE, EMAIL, CPF, CRM, DATA_NASCIMENTO, ID_ENDERECO, ID_SETOR, ID_CONTRATO, ID_NIVEL_ACESSO) VALUES
('Profissional 1', '(47) 1234-5678', 'prof1@empresa.com', '123.456.789-00', 'CRM12345', '1980-01-01', 1, 1, 1, 1),
('Profissional 2', '(47) 2345-6789', 'prof2@empresa.com', '234.567.890-01', 'CRM23456', '1981-02-02', 2, 2, 2, 2),
('Profissional 3', '(47) 3456-7890', 'prof3@empresa.com', '345.678.901-02', 'CRM34567', '1982-03-03', 3, 3, 3, 3),
('Profissional 4', '(47) 4567-8901', 'prof4@empresa.com', '456.789.012-03', 'CRM45678', '1983-04-04', 4, 4, 4, 4),
('Profissional 5', '(47) 5678-9012', 'prof5@empresa.com', '567.890.123-04', 'CRM56789', '1984-05-05', 5, 5, 5, 5),
('Profissional 6', '(47) 6789-0123', 'prof6@empresa.com', '678.901.234-05', 'CRM67890', '1985-06-06', 6, 6, 6, 6),
('Profissional 7', '(47) 7890-6789', 'prof7@empresa.com', '789.012.345-06', 'CRM78901', '1986-07-07', 7, 7, 7, 7),
('Profissional 8', '(47) 5678-1234', 'prof8@empresa.com', '889.012.345-06', 'CRM87901', '1986-07-07', 8, 8, 8, 8),
('Profissional 9', '(47) 1234-1234', 'prof9@empresa.com', '989.012.345-06', 'CRM79801', '1986-07-07', 9, 9, 9, 9),
('Profissional 10', '(47) 7890-7890', 'prof10@empresa.com', '109.012.345-06', 'CRM78091', '1986-07-07', 10, 10, 10, 10),
('Profissional 11', '(47) 2345-1234', 'prof11@empresa.com', '119.012.345-06', 'CRM78019', '1986-07-07', 11, 11, 11, 11),
('Profissional 12', '(47) 7890-2345', 'prof12@empresa.com', '129.012.345-06', 'CRM71098', '1986-07-07', 12, 12, 12, 12);

-- 27. T09D_PROFISSIONAL_ESPEC
INSERT INTO T09D_PROFISSIONAL_ESPEC (ID_PROFISSIONAL, ID_ESPECIALIZACAO) VALUES
(1, 1),
(2, 2),
(3, 3),
(4, 4),
(5, 5),
(6, 6),
(7, 7),
(8, 8),
(9, 9),
(10, 10),
(11, 11),
(12, 12);

-- 8. T09D_ESCALA
INSERT INTO T09D_ESCALA (DATA_SEMANA, INICIO, TERMINO, ID_PROFISSIONAL) VALUES
('2025-05-01', '08:00', '17:00', 1),
('2025-06-01', '09:00', '18:00', 2),
('2025-07-01', '10:00', '19:00', 3),
('2025-08-01', '07:00', '16:00', 4),
('2025-09-01', '08:00', '17:00', 5),
('2025-10-01', '09:00', '18:00', 6),
('2025-11-01', '10:00', '19:00', 7),
('2025-12-01', '07:00', '16:00', 8),
('2025-01-01', '08:00', '17:00', 9),
('2025-02-01', '09:00', '18:00', 10),
('2025-03-01', '10:00', '19:00', 11),
('2025-04-01', '07:00', '16:00', 12);

-- 1. T09D_AFASTAMENTO
INSERT INTO T09D_AFASTAMENTO (INICIO, TERMINO, ID_TIPO, ID_PROFISSIONAL) VALUES
('2025-05-01', '2025-05-10', 1, 1),
('2025-06-01', '2025-06-15', 2, 2),
('2025-07-01', '2025-07-10', 1, 3),
('2025-08-01', '2025-08-15', 2, 4),
('2025-09-01', '2025-09-10', 1, 5),
('2025-10-01', '2025-10-10', 2, 6),
('2025-11-01', '2025-11-15', 1, 7),
('2025-12-01', '2025-12-10', 2, 8),
('2025-01-01', '2025-01-10', 1, 9),
('2025-02-01', '2025-02-15', 2, 10),
('2025-03-01', '2025-03-10', 1, 11),
('2025-04-01', '2025-04-10', 2, 12);

-- 2. T09D_AJUSTE
INSERT INTO T09D_AJUSTE (DATA_LANCAMENTO, QUANTIDADE_HORAS, MOTIVO, ID_TIPO_AJUSTE, ID_PROFISSIONAL) VALUES
('2025-05-01', 8, 'Falta', 1, 1),
('2025-06-01', 4, 'Troca de turno', 2, 2),
('2025-07-01', 8, 'Ausência Justificada', 1, 3),
('2025-08-01', 4, 'Falta', 2, 4),
('2025-09-01', 8, 'Troca de turno', 1, 5),
('2025-10-01', 4, 'Ausência Justificada', 2, 6),
('2025-11-01', 8, 'Falta', 1, 7),
('2025-12-01', 4, 'Troca de turno', 2, 8),
('2025-01-01', 8, 'Ausência Justificada', 1, 9),
('2025-02-01', 4, 'Falta', 2, 10),
('2025-03-01', 8, 'Troca de turno', 1, 11),
('2025-04-01', 4, 'Ausência Justificada', 2, 12);

-- 5. T09D_COMPENSACAO
INSERT INTO T09D_COMPENSACAO (DATA_COMPENSACAO, HORAS_USADAS, JUSTIFICATIVA, ID_PROFISSIONAL) VALUES
('2025-05-01', 8, 'Troca de turno', 1),
('2025-06-01', 4, 'Falta', 2),
('2025-07-01', 8, 'Ausência Justificada', 3),
('2025-08-01', 4, 'Troca de turno', 4),
('2025-09-01', 8, 'Falta', 5),
('2025-10-01', 4, 'Ausência Justificada', 6),
('2025-11-01', 8, 'Troca de turno', 7),
('2025-12-01', 4, 'Falta', 8),
('2025-01-01', 8, 'Ausência Justificada', 9),
('2025-02-01', 4, 'Troca de turno', 10),
('2025-03-01', 8, 'Falta', 11),
('2025-04-01', 4, 'Ausência Justificada', 12);

-- 10. T09D_EVENTO_PAGAMENTO
INSERT INTO T09D_EVENTO_PAGAMENTO (DESCRICAO, ID_FORMA_PAGAMENTO, ID_RUBRICA, ID_REGISTRO_PONTO, ID_BANCO_HORAS, ID_AFASTAMENTO) VALUES
('Pagamento Extra', 1, 1, 1, 1, 1),
('Pagamento Adicional', 2, 2, 2, 2, 2),
('Pagamento Normal', 1, 3, 3, 3, 3),
('Pagamento Extra', 2, 4, 4, 4, 4),
('Pagamento Adicional', 1, 5, 5, 5, 5),
('Pagamento Normal', 2, 6, 6, 6, 6),
('Pagamento Extra', 1, 7, 7, 7, 7),
('Pagamento Adicional', 2, 8, 8, 8, 8),
('Pagamento Normal', 1, 9, 9, 9, 9),
('Pagamento Extra', 2, 10, 10, 10, 10),
('Pagamento Adicional', 1, 11, 11, 11, 11),
('Pagamento Normal', 2, 12, 12, 12, 12);

-- 19. T09D_TIPO_PONTO
INSERT INTO T09D_TIPO_PONTO (DESCRICAO) VALUES
('Entrada'),
('Saída');

-- 17. T09D_PONTO
INSERT INTO T09D_PONTO (DATA_REGISTRO, REGISTRO, ID_TIPO_PONTO) VALUES
('2025-05-01 08:00', '1234', 1),
('2025-05-02 09:00', '1235', 1),
('2025-05-03 10:00', '1236', 1),
('2025-05-04 11:00', '1237', 1),
('2025-05-05 12:00', '1238', 1),
('2025-05-06 13:00', '1239', 1),
('2025-05-07 14:00', '1240', 1),
('2025-05-08 15:00', '1241', 1),
('2025-05-09 16:00', '1242', 1),
('2025-05-10 17:00', '1243', 1),
('2025-05-11 18:00', '1244', 1),
('2025-05-12 19:00', '1245', 1);

-- 11. T09D_FERIAS
INSERT INTO T09D_FERIAS (INICIO, FIN, SALDO_DIAS, ID_PROFISSIONAL) VALUES
('2025-06-01', '2025-06-15', 15, 1),
('2025-07-01', '2025-07-15', 15, 2),
('2025-08-01', '2025-08-15', 15, 3),
('2025-09-01', '2025-09-15', 15, 4),
('2025-10-01', '2025-10-15', 15, 5),
('2025-11-01', '2025-11-15', 15, 6),
('2025-12-01', '2025-12-15', 15, 7),
('2025-01-01', '2025-01-15', 15, 8),
('2025-02-01', '2025-02-15', 15, 9),
('2025-03-01', '2025-03-15', 15, 10),
('2025-04-01', '2025-04-15', 15, 11),
('2025-05-01', '2025-05-15', 15, 12);

-- 12. T09D_FORMACAO
INSERT INTO T09D_FORMACAO (DESCRICAO, INSTITUICAO, INICIO, FIM, NIVEL, ID_PROFISSIONAL) VALUES
('Formação A', 'Instituição A', '2020-01-01', '2020-12-31', 'Bacharel', 1),
('Formação B', 'Instituição B', '2021-01-01', '2021-12-31', 'Mestre', 2),
('Formação C', 'Instituição C', '2022-01-01', '2022-12-31', 'Doutor', 3),
('Formação D', 'Instituição D', '2023-01-01', '2023-12-31', 'Bacharel', 4),
('Formação E', 'Instituição E', '2020-01-01', '2020-12-31', 'Mestre', 5),
('Formação F', 'Instituição F', '2021-01-01', '2021-12-31', 'Doutor', 6),
('Formação G', 'Instituição G', '2022-01-01', '2022-12-31', 'Bacharel', 7),
('Formação H', 'Instituição H', '2023-01-01', '2023-12-31', 'Mestre', 8),
('Formação I', 'Instituição I', '2020-01-01', '2020-12-31', 'Doutor', 9),
('Formação J', 'Instituição J', '2021-01-01', '2021-12-31', 'Bacharel', 10),
('Formação K', 'Instituição K', '2022-01-01', '2022-12-31', 'Mestre', 11),
('Formação L', 'Instituição L', '2023-01-01', '2023-12-31', 'Doutor', 12);

-- 16. T09D_PACIENTE
INSERT INTO T09D_PACIENTE (NOME, ENTRADA, SAIDA, SITUACAO, ID_PROFISSIONAL) VALUES
('Paciente 1', '2025-05-01', '2025-05-10', 'Alta', 1),
('Paciente 2', '2025-05-02', '2025-05-11', 'Em Tratamento', 2),
('Paciente 3', '2025-05-03', '2025-05-12', 'Alta', 3),
('Paciente 4', '2025-05-04', '2025-05-13', 'Em Tratamento', 4),
('Paciente 5', '2025-05-05', '2025-05-14', 'Alta', 5),
('Paciente 6', '2025-05-06', '2025-05-15', 'Em Tratamento', 6),
('Paciente 7', '2025-05-07', '2025-05-16', 'Alta', 7),
('Paciente 8', '2025-05-08', '2025-05-17', 'Em Tratamento', 8),
('Paciente 9', '2025-05-09', '2025-05-18', 'Alta', 9),
('Paciente 10', '2025-05-10', '2025-05-19', 'Em Tratamento', 10),
('Paciente 11', '2025-05-11', '2025-05-20', 'Alta', 11),
('Paciente 12', '2025-05-12', '2025-05-21', 'Em Tratamento', 12);

-- 15. T09D_OCUPACAO
INSERT INTO T09D_OCUPACAO (NUMERO_LEITO, ENTRADA, SAIDA, ID_PROFISSIONAL, ID_PACIENTE) VALUES
(1, '2025-05-01 08:00', '2025-05-10 10:00', 1, 1),
(2, '2025-05-02 09:00', '2025-05-11 11:00', 2, 2),
(3, '2025-05-03 10:00', '2025-05-12 12:00', 3, 3),
(4, '2025-05-04 11:00', '2025-05-13 13:00', 4, 4),
(5, '2025-05-05 12:00', '2025-05-14 14:00', 5, 5),
(6, '2025-05-06 13:00', '2025-05-15 15:00', 6, 6),
(7, '2025-05-07 14:00', '2025-05-16 16:00', 7, 7),
(8, '2025-05-08 15:00', '2025-05-17 17:00', 8, 8),
(9, '2025-05-09 16:00', '2025-05-18 18:00', 9, 9),
(10, '2025-05-10 17:00', '2025-05-19 19:00', 10, 10),
(11, '2025-05-11 18:00', '2025-05-20 20:00', 11, 11),
(12, '2025-05-12 19:00', '2025-05-21 21:00', 12, 12);

INSERT INTO T09D_REGISTRO_DE_PONTO (DATA_REGISTRO, OBSERVACOES, ID_AJUSTE, ID_COMPENSACAO, ID_PONTO, ID_PROFISSIONAL, ID_ESCALA, ID_FERIAS) VALUES ('2024-01-01', '', NULL, NULL, 1, 1, 1, NULL);
INSERT INTO T09D_REGISTRO_DE_PONTO (DATA_REGISTRO, OBSERVACOES, ID_AJUSTE, ID_COMPENSACAO, ID_PONTO, ID_PROFISSIONAL, ID_ESCALA, ID_FERIAS) VALUES ('2024-01-02', '', NULL, NULL, 2, 1, 1, NULL);
INSERT INTO T09D_REGISTRO_DE_PONTO (DATA_REGISTRO, OBSERVACOES, ID_AJUSTE, ID_COMPENSACAO, ID_PONTO, ID_PROFISSIONAL, ID_ESCALA, ID_FERIAS) VALUES ('2024-01-03', '', NULL, NULL, 3, 1, 1, NULL);
INSERT INTO T09D_REGISTRO_DE_PONTO (DATA_REGISTRO, OBSERVACOES, ID_AJUSTE, ID_COMPENSACAO, ID_PONTO, ID_PROFISSIONAL, ID_ESCALA, ID_FERIAS) VALUES ('2024-01-04', '', NULL, NULL, 4, 1, 1, NULL);
INSERT INTO T09D_REGISTRO_DE_PONTO (DATA_REGISTRO, OBSERVACOES, ID_AJUSTE, ID_COMPENSACAO, ID_PONTO, ID_PROFISSIONAL, ID_ESCALA, ID_FERIAS) VALUES ('2024-01-05', '', NULL, NULL, 5, 1, 1, NULL);
INSERT INTO T09D_REGISTRO_DE_PONTO (DATA_REGISTRO, OBSERVACOES, ID_AJUSTE, ID_COMPENSACAO, ID_PONTO, ID_PROFISSIONAL, ID_ESCALA, ID_FERIAS) VALUES ('2024-01-08', '', NULL, NULL, 6, 1, 1, NULL);
INSERT INTO T09D_REGISTRO_DE_PONTO (DATA_REGISTRO, OBSERVACOES, ID_AJUSTE, ID_COMPENSACAO, ID_PONTO, ID_PROFISSIONAL, ID_ESCALA, ID_FERIAS) VALUES ('2024-01-09', '', NULL, NULL, 7, 1, 1, NULL);
INSERT INTO T09D_REGISTRO_DE_PONTO (DATA_REGISTRO, OBSERVACOES, ID_AJUSTE, ID_COMPENSACAO, ID_PONTO, ID_PROFISSIONAL, ID_ESCALA, ID_FERIAS) VALUES ('2024-01-10', '', NULL, NULL, 8, 1, 1, NULL);
INSERT INTO T09D_REGISTRO_DE_PONTO (DATA_REGISTRO, OBSERVACOES, ID_AJUSTE, ID_COMPENSACAO, ID_PONTO, ID_PROFISSIONAL, ID_ESCALA, ID_FERIAS) VALUES ('2024-01-11', '', NULL, NULL, 9, 1, 1, NULL);
INSERT INTO T09D_REGISTRO_DE_PONTO (DATA_REGISTRO, OBSERVACOES, ID_AJUSTE, ID_COMPENSACAO, ID_PONTO, ID_PROFISSIONAL, ID_ESCALA, ID_FERIAS) VALUES ('2024-01-12', '', NULL, NULL, 10, 1, 1, NULL);
INSERT INTO T09D_REGISTRO_DE_PONTO (DATA_REGISTRO, OBSERVACOES, ID_AJUSTE, ID_COMPENSACAO, ID_PONTO, ID_PROFISSIONAL, ID_ESCALA, ID_FERIAS) VALUES ('2024-01-15', '', NULL, NULL, 11, 1, 1, NULL);
INSERT INTO T09D_REGISTRO_DE_PONTO (DATA_REGISTRO, OBSERVACOES, ID_AJUSTE, ID_COMPENSACAO, ID_PONTO, ID_PROFISSIONAL, ID_ESCALA, ID_FERIAS) VALUES ('2024-01-16', '', NULL, NULL, 12, 1, 1, NULL);
INSERT INTO T09D_REGISTRO_DE_PONTO (DATA_REGISTRO, OBSERVACOES, ID_AJUSTE, ID_COMPENSACAO, ID_PONTO, ID_PROFISSIONAL, ID_ESCALA, ID_FERIAS) VALUES ('2024-01-17', '', NULL, NULL, 13, 1, 1, NULL);
INSERT INTO T09D_REGISTRO_DE_PONTO (DATA_REGISTRO, OBSERVACOES, ID_AJUSTE, ID_COMPENSACAO, ID_PONTO, ID_PROFISSIONAL, ID_ESCALA, ID_FERIAS) VALUES ('2024-01-18', '', NULL, NULL, 14, 1, 1, NULL);
INSERT INTO T09D_REGISTRO_DE_PONTO (DATA_REGISTRO, OBSERVACOES, ID_AJUSTE, ID_COMPENSACAO, ID_PONTO, ID_PROFISSIONAL, ID_ESCALA, ID_FERIAS) VALUES ('2024-01-19', '', NULL, NULL, 15, 1, 1, NULL);
INSERT INTO T09D_REGISTRO_DE_PONTO (DATA_REGISTRO, OBSERVACOES, ID_AJUSTE, ID_COMPENSACAO, ID_PONTO, ID_PROFISSIONAL, ID_ESCALA, ID_FERIAS) VALUES ('2024-01-22', '', NULL, NULL, 16, 1, 1, NULL);
INSERT INTO T09D_REGISTRO_DE_PONTO (DATA_REGISTRO, OBSERVACOES, ID_AJUSTE, ID_COMPENSACAO, ID_PONTO, ID_PROFISSIONAL, ID_ESCALA, ID_FERIAS) VALUES ('2024-01-23', '', NULL, NULL, 17, 1, 1, NULL);
INSERT INTO T09D_REGISTRO_DE_PONTO (DATA_REGISTRO, OBSERVACOES, ID_AJUSTE, ID_COMPENSACAO, ID_PONTO, ID_PROFISSIONAL, ID_ESCALA, ID_FERIAS) VALUES ('2024-01-24', '', NULL, NULL, 18, 1, 1, NULL);
INSERT INTO T09D_REGISTRO_DE_PONTO (DATA_REGISTRO, OBSERVACOES, ID_AJUSTE, ID_COMPENSACAO, ID_PONTO, ID_PROFISSIONAL, ID_ESCALA, ID_FERIAS) VALUES ('2024-01-25', '', NULL, NULL, 19, 1, 1, NULL);
INSERT INTO T09D_REGISTRO_DE_PONTO (DATA_REGISTRO, OBSERVACOES, ID_AJUSTE, ID_COMPENSACAO, ID_PONTO, ID_PROFISSIONAL, ID_ESCALA, ID_FERIAS) VALUES ('2024-01-26', '', NULL, NULL, 20, 1, 1, NULL);
INSERT INTO T09D_REGISTRO_DE_PONTO (DATA_REGISTRO, OBSERVACOES, ID_AJUSTE, ID_COMPENSACAO, ID_PONTO, ID_PROFISSIONAL, ID_ESCALA, ID_FERIAS) VALUES ('2024-01-29', '', NULL, NULL, 21, 1, 1, NULL);
INSERT INTO T09D_REGISTRO_DE_PONTO (DATA_REGISTRO, OBSERVACOES, ID_AJUSTE, ID_COMPENSACAO, ID_PONTO, ID_PROFISSIONAL, ID_ESCALA, ID_FERIAS) VALUES ('2024-01-30', '', NULL, NULL, 22, 1, 1, NULL);
INSERT INTO T09D_REGISTRO_DE_PONTO (DATA_REGISTRO, OBSERVACOES, ID_AJUSTE, ID_COMPENSACAO, ID_PONTO, ID_PROFISSIONAL, ID_ESCALA, ID_FERIAS) VALUES ('2024-01-31', '', NULL, NULL, 23, 1, 1, NULL);
INSERT INTO T09D_REGISTRO_DE_PONTO (DATA_REGISTRO, OBSERVACOES, ID_AJUSTE, ID_COMPENSACAO, ID_PONTO, ID_PROFISSIONAL, ID_ESCALA, ID_FERIAS) VALUES ('2024-02-01', '', NULL, NULL, 24, 1, 1, NULL);
INSERT INTO T09D_REGISTRO_DE_PONTO (DATA_REGISTRO, OBSERVACOES, ID_AJUSTE, ID_COMPENSACAO, ID_PONTO, ID_PROFISSIONAL, ID_ESCALA, ID_FERIAS) VALUES ('2024-02-02', '', NULL, NULL, 25, 1, 1, NULL);
INSERT INTO T09D_REGISTRO_DE_PONTO (DATA_REGISTRO, OBSERVACOES, ID_AJUSTE, ID_COMPENSACAO, ID_PONTO, ID_PROFISSIONAL, ID_ESCALA, ID_FERIAS) VALUES ('2024-02-05', '', NULL, NULL, 26, 1, 1, NULL);
INSERT INTO T09D_REGISTRO_DE_PONTO (DATA_REGISTRO, OBSERVACOES, ID_AJUSTE, ID_COMPENSACAO, ID_PONTO, ID_PROFISSIONAL, ID_ESCALA, ID_FERIAS) VALUES ('2024-02-06', '', NULL, NULL, 27, 1, 1, NULL);
INSERT INTO T09D_REGISTRO_DE_PONTO (DATA_REGISTRO, OBSERVACOES, ID_AJUSTE, ID_COMPENSACAO, ID_PONTO, ID_PROFISSIONAL, ID_ESCALA, ID_FERIAS) VALUES ('2024-02-07', '', NULL, NULL, 28, 1, 1, NULL);
INSERT INTO T09D_REGISTRO_DE_PONTO (DATA_REGISTRO, OBSERVACOES, ID_AJUSTE, ID_COMPENSACAO, ID_PONTO, ID_PROFISSIONAL, ID_ESCALA, ID_FERIAS) VALUES ('2024-02-08', '', NULL, NULL, 29, 1, 1, NULL);
INSERT INTO T09D_REGISTRO_DE_PONTO (DATA_REGISTRO, OBSERVACOES, ID_AJUSTE, ID_COMPENSACAO, ID_PONTO, ID_PROFISSIONAL, ID_ESCALA, ID_FERIAS) VALUES ('2024-02-09', '', NULL, NULL, 30, 1, 1, NULL);
INSERT INTO T09D_REGISTRO_DE_PONTO (DATA_REGISTRO, OBSERVACOES, ID_AJUSTE, ID_COMPENSACAO, ID_PONTO, ID_PROFISSIONAL, ID_ESCALA, ID_FERIAS) VALUES ('2024-02-12', '', NULL, NULL, 31, 1, 1, NULL);
INSERT INTO T09D_REGISTRO_DE_PONTO (DATA_REGISTRO, OBSERVACOES, ID_AJUSTE, ID_COMPENSACAO, ID_PONTO, ID_PROFISSIONAL, ID_ESCALA, ID_FERIAS) VALUES ('2024-02-13', '', NULL, NULL, 32, 1, 1, NULL);
INSERT INTO T09D_REGISTRO_DE_PONTO (DATA_REGISTRO, OBSERVACOES, ID_AJUSTE, ID_COMPENSACAO, ID_PONTO, ID_PROFISSIONAL, ID_ESCALA, ID_FERIAS) VALUES ('2024-02-14', '', NULL, NULL, 33, 1, 1, NULL);
INSERT INTO T09D_REGISTRO_DE_PONTO (DATA_REGISTRO, OBSERVACOES, ID_AJUSTE, ID_COMPENSACAO, ID_PONTO, ID_PROFISSIONAL, ID_ESCALA, ID_FERIAS) VALUES ('2024-02-15', '', NULL, NULL, 34, 1, 1, NULL);
INSERT INTO T09D_REGISTRO_DE_PONTO (DATA_REGISTRO, OBSERVACOES, ID_AJUSTE, ID_COMPENSACAO, ID_PONTO, ID_PROFISSIONAL, ID_ESCALA, ID_FERIAS) VALUES ('2024-02-16', '', NULL, NULL, 35, 1, 1, NULL);
INSERT INTO T09D_REGISTRO_DE_PONTO (DATA_REGISTRO, OBSERVACOES, ID_AJUSTE, ID_COMPENSACAO, ID_PONTO, ID_PROFISSIONAL, ID_ESCALA, ID_FERIAS) VALUES ('2024-02-19', '', NULL, NULL, 36, 1, 1, NULL);
INSERT INTO T09D_REGISTRO_DE_PONTO (DATA_REGISTRO, OBSERVACOES, ID_AJUSTE, ID_COMPENSACAO, ID_PONTO, ID_PROFISSIONAL, ID_ESCALA, ID_FERIAS) VALUES ('2024-02-20', '', NULL, NULL, 37, 1, 1, NULL);
INSERT INTO T09D_REGISTRO_DE_PONTO (DATA_REGISTRO, OBSERVACOES, ID_AJUSTE, ID_COMPENSACAO, ID_PONTO, ID_PROFISSIONAL, ID_ESCALA, ID_FERIAS) VALUES ('2024-02-21', '', NULL, NULL, 38, 1, 1, NULL);
INSERT INTO T09D_REGISTRO_DE_PONTO (DATA_REGISTRO, OBSERVACOES, ID_AJUSTE, ID_COMPENSACAO, ID_PONTO, ID_PROFISSIONAL, ID_ESCALA, ID_FERIAS) VALUES ('2024-02-22', '', NULL, NULL, 39, 1, 1, NULL);
INSERT INTO T09D_REGISTRO_DE_PONTO (DATA_REGISTRO, OBSERVACOES, ID_AJUSTE, ID_COMPENSACAO, ID_PONTO, ID_PROFISSIONAL, ID_ESCALA, ID_FERIAS) VALUES ('2024-02-23', '', NULL, NULL, 40, 1, 1, NULL);
INSERT INTO T09D_REGISTRO_DE_PONTO (DATA_REGISTRO, OBSERVACOES, ID_AJUSTE, ID_COMPENSACAO, ID_PONTO, ID_PROFISSIONAL, ID_ESCALA, ID_FERIAS) VALUES ('2024-02-26', '', NULL, NULL, 41, 1, 1, NULL);
INSERT INTO T09D_REGISTRO_DE_PONTO (DATA_REGISTRO, OBSERVACOES, ID_AJUSTE, ID_COMPENSACAO, ID_PONTO, ID_PROFISSIONAL, ID_ESCALA, ID_FERIAS) VALUES ('2024-02-27', '', NULL, NULL, 42, 1, 1, NULL);
INSERT INTO T09D_REGISTRO_DE_PONTO (DATA_REGISTRO, OBSERVACOES, ID_AJUSTE, ID_COMPENSACAO, ID_PONTO, ID_PROFISSIONAL, ID_ESCALA, ID_FERIAS) VALUES ('2024-02-28', '', NULL, NULL, 43, 1, 1, NULL);
INSERT INTO T09D_REGISTRO_DE_PONTO (DATA_REGISTRO, OBSERVACOES, ID_AJUSTE, ID_COMPENSACAO, ID_PONTO, ID_PROFISSIONAL, ID_ESCALA, ID_FERIAS) VALUES ('2024-02-29', '', NULL, NULL, 44, 1, 1, NULL);
INSERT INTO T09D_REGISTRO_DE_PONTO (DATA_REGISTRO, OBSERVACOES, ID_AJUSTE, ID_COMPENSACAO, ID_PONTO, ID_PROFISSIONAL, ID_ESCALA, ID_FERIAS) VALUES ('2024-03-01', '', NULL, NULL, 45, 1, 1, NULL);
INSERT INTO T09D_REGISTRO_DE_PONTO (DATA_REGISTRO, OBSERVACOES, ID_AJUSTE, ID_COMPENSACAO, ID_PONTO, ID_PROFISSIONAL, ID_ESCALA, ID_FERIAS) VALUES ('2024-03-04', '', NULL, NULL, 46, 1, 1, NULL);
INSERT INTO T09D_REGISTRO_DE_PONTO (DATA_REGISTRO, OBSERVACOES, ID_AJUSTE, ID_COMPENSACAO, ID_PONTO, ID_PROFISSIONAL, ID_ESCALA, ID_FERIAS) VALUES ('2024-03-05', '', NULL, NULL, 47, 1, 1, NULL);
INSERT INTO T09D_REGISTRO_DE_PONTO (DATA_REGISTRO, OBSERVACOES, ID_AJUSTE, ID_COMPENSACAO, ID_PONTO, ID_PROFISSIONAL, ID_ESCALA, ID_FERIAS) VALUES ('2024-03-06', '', NULL, NULL, 48, 1, 1, NULL);
INSERT INTO T09D_REGISTRO_DE_PONTO (DATA_REGISTRO, OBSERVACOES, ID_AJUSTE, ID_COMPENSACAO, ID_PONTO, ID_PROFISSIONAL, ID_ESCALA, ID_FERIAS) VALUES ('2024-03-07', '', NULL, NULL, 49, 1, 1, NULL);
INSERT INTO T09D_REGISTRO_DE_PONTO (DATA_REGISTRO, OBSERVACOES, ID_AJUSTE, ID_COMPENSACAO, ID_PONTO, ID_PROFISSIONAL, ID_ESCALA, ID_FERIAS) VALUES ('2024-03-08', '', NULL, NULL, 50, 1, 1, NULL);
INSERT INTO T09D_REGISTRO_DE_PONTO (DATA_REGISTRO, OBSERVACOES, ID_AJUSTE, ID_COMPENSACAO, ID_PONTO, ID_PROFISSIONAL, ID_ESCALA, ID_FERIAS) VALUES ('2024-03-11', '', NULL, NULL, 51, 1, 1, NULL);
INSERT INTO T09D_REGISTRO_DE_PONTO (DATA_REGISTRO, OBSERVACOES, ID_AJUSTE, ID_COMPENSACAO, ID_PONTO, ID_PROFISSIONAL, ID_ESCALA, ID_FERIAS) VALUES ('2024-03-12', '', NULL, NULL, 52, 1, 1, NULL);
INSERT INTO T09D_REGISTRO_DE_PONTO (DATA_REGISTRO, OBSERVACOES, ID_AJUSTE, ID_COMPENSACAO, ID_PONTO, ID_PROFISSIONAL, ID_ESCALA, ID_FERIAS) VALUES ('2024-03-13', '', NULL, NULL, 53, 1, 1, NULL);
INSERT INTO T09D_REGISTRO_DE_PONTO (DATA_REGISTRO, OBSERVACOES, ID_AJUSTE, ID_COMPENSACAO, ID_PONTO, ID_PROFISSIONAL, ID_ESCALA, ID_FERIAS) VALUES ('2024-03-14', 'Saída antecipada', NULL, NULL, 54, 1, 1, NULL);
INSERT INTO T09D_REGISTRO_DE_PONTO (DATA_REGISTRO, OBSERVACOES, ID_AJUSTE, ID_COMPENSACAO, ID_PONTO, ID_PROFISSIONAL, ID_ESCALA, ID_FERIAS) VALUES ('2024-03-15', '', NULL, NULL, 55, 1, 1, NULL);
INSERT INTO T09D_REGISTRO_DE_PONTO (DATA_REGISTRO, OBSERVACOES, ID_AJUSTE, ID_COMPENSACAO, ID_PONTO, ID_PROFISSIONAL, ID_ESCALA, ID_FERIAS) VALUES ('2024-03-18', '', NULL, NULL, 56, 1, 1, NULL);
INSERT INTO T09D_REGISTRO_DE_PONTO (DATA_REGISTRO, OBSERVACOES, ID_AJUSTE, ID_COMPENSACAO, ID_PONTO, ID_PROFISSIONAL, ID_ESCALA, ID_FERIAS) VALUES ('2024-03-19', '', NULL, NULL, 57, 1, 1, NULL);
INSERT INTO T09D_REGISTRO_DE_PONTO (DATA_REGISTRO, OBSERVACOES, ID_AJUSTE, ID_COMPENSACAO, ID_PONTO, ID_PROFISSIONAL, ID_ESCALA, ID_FERIAS) VALUES ('2024-03-20', '', NULL, NULL, 58, 1, 1, NULL);
INSERT INTO T09D_REGISTRO_DE_PONTO (DATA_REGISTRO, OBSERVACOES, ID_AJUSTE, ID_COMPENSACAO, ID_PONTO, ID_PROFISSIONAL, ID_ESCALA, ID_FERIAS) VALUES ('2024-03-21', '', NULL, NULL, 59, 1, 1, NULL);
INSERT INTO T09D_REGISTRO_DE_PONTO (DATA_REGISTRO, OBSERVACOES, ID_AJUSTE, ID_COMPENSACAO, ID_PONTO, ID_PROFISSIONAL, ID_ESCALA, ID_FERIAS) VALUES ('2024-03-22', '', NULL, NULL, 60, 1, 1, NULL);
INSERT INTO T09D_REGISTRO_DE_PONTO (DATA_REGISTRO, OBSERVACOES, ID_AJUSTE, ID_COMPENSACAO, ID_PONTO, ID_PROFISSIONAL, ID_ESCALA, ID_FERIAS) VALUES ('2024-03-25', '', NULL, NULL, 61, 1, 1, NULL);
INSERT INTO T09D_REGISTRO_DE_PONTO (DATA_REGISTRO, OBSERVACOES, ID_AJUSTE, ID_COMPENSACAO, ID_PONTO, ID_PROFISSIONAL, ID_ESCALA, ID_FERIAS) VALUES ('2024-03-26', '', NULL, NULL, 62, 1, 1, NULL);
INSERT INTO T09D_REGISTRO_DE_PONTO (DATA_REGISTRO, OBSERVACOES, ID_AJUSTE, ID_COMPENSACAO, ID_PONTO, ID_PROFISSIONAL, ID_ESCALA, ID_FERIAS) VALUES ('2024-03-27', '', NULL, NULL, 63, 1, 1, NULL);
INSERT INTO T09D_REGISTRO_DE_PONTO (DATA_REGISTRO, OBSERVACOES, ID_AJUSTE, ID_COMPENSACAO, ID_PONTO, ID_PROFISSIONAL, ID_ESCALA, ID_FERIAS) VALUES ('2024-03-28', '', NULL, NULL, 64, 1, 1, NULL);
INSERT INTO T09D_REGISTRO_DE_PONTO (DATA_REGISTRO, OBSERVACOES, ID_AJUSTE, ID_COMPENSACAO, ID_PONTO, ID_PROFISSIONAL, ID_ESCALA, ID_FERIAS) VALUES ('2024-03-29', '', NULL, NULL, 65, 1, 1, NULL);
INSERT INTO T09D_REGISTRO_DE_PONTO (DATA_REGISTRO, OBSERVACOES, ID_AJUSTE, ID_COMPENSACAO, ID_PONTO, ID_PROFISSIONAL, ID_ESCALA, ID_FERIAS) VALUES ('2024-04-01', '', NULL, NULL, 66, 1, 1, NULL);
INSERT INTO T09D_REGISTRO_DE_PONTO (DATA_REGISTRO, OBSERVACOES, ID_AJUSTE, ID_COMPENSACAO, ID_PONTO, ID_PROFISSIONAL, ID_ESCALA, ID_FERIAS) VALUES ('2024-04-02', '', NULL, NULL, 67, 1, 1, NULL);
INSERT INTO T09D_REGISTRO_DE_PONTO (DATA_REGISTRO, OBSERVACOES, ID_AJUSTE, ID_COMPENSACAO, ID_PONTO, ID_PROFISSIONAL, ID_ESCALA, ID_FERIAS) VALUES ('2024-04-03', '', NULL, NULL, 68, 1, 1, NULL);
INSERT INTO T09D_REGISTRO_DE_PONTO (DATA_REGISTRO, OBSERVACOES, ID_AJUSTE, ID_COMPENSACAO, ID_PONTO, ID_PROFISSIONAL, ID_ESCALA, ID_FERIAS) VALUES ('2024-04-04', '', NULL, NULL, 69, 1, 1, NULL);
INSERT INTO T09D_REGISTRO_DE_PONTO (DATA_REGISTRO, OBSERVACOES, ID_AJUSTE, ID_COMPENSACAO, ID_PONTO, ID_PROFISSIONAL, ID_ESCALA, ID_FERIAS) VALUES ('2024-04-05', '', NULL, NULL, 70, 1, 1, NULL);
INSERT INTO T09D_REGISTRO_DE_PONTO (DATA_REGISTRO, OBSERVACOES, ID_AJUSTE, ID_COMPENSACAO, ID_PONTO, ID_PROFISSIONAL, ID_ESCALA, ID_FERIAS) VALUES ('2024-04-08', '', NULL, NULL, 71, 1, 1, NULL);
INSERT INTO T09D_REGISTRO_DE_PONTO (DATA_REGISTRO, OBSERVACOES, ID_AJUSTE, ID_COMPENSACAO, ID_PONTO, ID_PROFISSIONAL, ID_ESCALA, ID_FERIAS) VALUES ('2024-04-09', '', NULL, NULL, 72, 1, 1, NULL);
INSERT INTO T09D_REGISTRO_DE_PONTO (DATA_REGISTRO, OBSERVACOES, ID_AJUSTE, ID_COMPENSACAO, ID_PONTO, ID_PROFISSIONAL, ID_ESCALA, ID_FERIAS) VALUES ('2024-04-10', '', NULL, NULL, 73, 1, 1, NULL);
INSERT INTO T09D_REGISTRO_DE_PONTO (DATA_REGISTRO, OBSERVACOES, ID_AJUSTE, ID_COMPENSACAO, ID_PONTO, ID_PROFISSIONAL, ID_ESCALA, ID_FERIAS) VALUES ('2024-04-11', '', NULL, NULL, 74, 1, 1, NULL);
INSERT INTO T09D_REGISTRO_DE_PONTO (DATA_REGISTRO, OBSERVACOES, ID_AJUSTE, ID_COMPENSACAO, ID_PONTO, ID_PROFISSIONAL, ID_ESCALA, ID_FERIAS) VALUES ('2024-04-12', '', NULL, NULL, 75, 1, 1, NULL);
INSERT INTO T09D_REGISTRO_DE_PONTO (DATA_REGISTRO, OBSERVACOES, ID_AJUSTE, ID_COMPENSACAO, ID_PONTO, ID_PROFISSIONAL, ID_ESCALA, ID_FERIAS) VALUES ('2024-04-15', '', NULL, NULL, 76, 1, 1, NULL);
INSERT INTO T09D_REGISTRO_DE_PONTO (DATA_REGISTRO, OBSERVACOES, ID_AJUSTE, ID_COMPENSACAO, ID_PONTO, ID_PROFISSIONAL, ID_ESCALA, ID_FERIAS) VALUES ('2024-04-16', '', NULL, NULL, 77, 1, 1, NULL);
INSERT INTO T09D_REGISTRO_DE_PONTO (DATA_REGISTRO, OBSERVACOES, ID_AJUSTE, ID_COMPENSACAO, ID_PONTO, ID_PROFISSIONAL, ID_ESCALA, ID_FERIAS) VALUES ('2024-04-17', '', NULL, NULL, 78, 1, 1, NULL);
INSERT INTO T09D_REGISTRO_DE_PONTO (DATA_REGISTRO, OBSERVACOES, ID_AJUSTE, ID_COMPENSACAO, ID_PONTO, ID_PROFISSIONAL, ID_ESCALA, ID_FERIAS) VALUES ('2024-04-18', '', NULL, NULL, 79, 1, 1, NULL);
INSERT INTO T09D_REGISTRO_DE_PONTO (DATA_REGISTRO, OBSERVACOES, ID_AJUSTE, ID_COMPENSACAO, ID_PONTO, ID_PROFISSIONAL, ID_ESCALA, ID_FERIAS) VALUES ('2024-04-19', '', NULL, NULL, 80, 1, 1, NULL);
INSERT INTO T09D_REGISTRO_DE_PONTO (DATA_REGISTRO, OBSERVACOES, ID_AJUSTE, ID_COMPENSACAO, ID_PONTO, ID_PROFISSIONAL, ID_ESCALA, ID_FERIAS) VALUES ('2024-04-22', '', NULL, NULL, 81, 1, 1, NULL);
INSERT INTO T09D_REGISTRO_DE_PONTO (DATA_REGISTRO, OBSERVACOES, ID_AJUSTE, ID_COMPENSACAO, ID_PONTO, ID_PROFISSIONAL, ID_ESCALA, ID_FERIAS) VALUES ('2024-04-23', '', NULL, NULL, 82, 1, 1, NULL);
INSERT INTO T09D_REGISTRO_DE_PONTO (DATA_REGISTRO, OBSERVACOES, ID_AJUSTE, ID_COMPENSACAO, ID_PONTO, ID_PROFISSIONAL, ID_ESCALA, ID_FERIAS) VALUES ('2024-04-24', '', NULL, NULL, 83, 1, 1, NULL);
INSERT INTO T09D_REGISTRO_DE_PONTO (DATA_REGISTRO, OBSERVACOES, ID_AJUSTE, ID_COMPENSACAO, ID_PONTO, ID_PROFISSIONAL, ID_ESCALA, ID_FERIAS) VALUES ('2024-04-25', '', NULL, NULL, 84, 1, 1, NULL);
INSERT INTO T09D_REGISTRO_DE_PONTO (DATA_REGISTRO, OBSERVACOES, ID_AJUSTE, ID_COMPENSACAO, ID_PONTO, ID_PROFISSIONAL, ID_ESCALA, ID_FERIAS) VALUES ('2024-04-26', '', NULL, NULL, 85, 1, 1, NULL);
INSERT INTO T09D_REGISTRO_DE_PONTO (DATA_REGISTRO, OBSERVACOES, ID_AJUSTE, ID_COMPENSACAO, ID_PONTO, ID_PROFISSIONAL, ID_ESCALA, ID_FERIAS) VALUES ('2024-04-29', '', NULL, NULL, 86, 1, 1, NULL);
INSERT INTO T09D_REGISTRO_DE_PONTO (DATA_REGISTRO, OBSERVACOES, ID_AJUSTE, ID_COMPENSACAO, ID_PONTO, ID_PROFISSIONAL, ID_ESCALA, ID_FERIAS) VALUES ('2024-04-30', '', NULL, NULL, 87, 1, 1, NULL);
INSERT INTO T09D_REGISTRO_DE_PONTO (DATA_REGISTRO, OBSERVACOES, ID_AJUSTE, ID_COMPENSACAO, ID_PONTO, ID_PROFISSIONAL, ID_ESCALA, ID_FERIAS) VALUES ('2024-05-01', '', NULL, NULL, 88, 1, 1, NULL);
INSERT INTO T09D_REGISTRO_DE_PONTO (DATA_REGISTRO, OBSERVACOES, ID_AJUSTE, ID_COMPENSACAO, ID_PONTO, ID_PROFISSIONAL, ID_ESCALA, ID_FERIAS) VALUES ('2024-05-02', '', NULL, NULL, 89, 1, 1, NULL);
INSERT INTO T09D_REGISTRO_DE_PONTO (DATA_REGISTRO, OBSERVACOES, ID_AJUSTE, ID_COMPENSACAO, ID_PONTO, ID_PROFISSIONAL, ID_ESCALA, ID_FERIAS) VALUES ('2024-05-03', '', NULL, NULL, 90, 1, 1, NULL);
INSERT INTO T09D_REGISTRO_DE_PONTO (DATA_REGISTRO, OBSERVACOES, ID_AJUSTE, ID_COMPENSACAO, ID_PONTO, ID_PROFISSIONAL, ID_ESCALA, ID_FERIAS) VALUES ('2024-05-06', '', NULL, NULL, 91, 1, 1, NULL);
INSERT INTO T09D_REGISTRO_DE_PONTO (DATA_REGISTRO, OBSERVACOES, ID_AJUSTE, ID_COMPENSACAO, ID_PONTO, ID_PROFISSIONAL, ID_ESCALA, ID_FERIAS) VALUES ('2024-05-07', '', NULL, NULL, 92, 1, 1, NULL);
INSERT INTO T09D_REGISTRO_DE_PONTO (DATA_REGISTRO, OBSERVACOES, ID_AJUSTE, ID_COMPENSACAO, ID_PONTO, ID_PROFISSIONAL, ID_ESCALA, ID_FERIAS) VALUES ('2024-05-08', '', NULL, NULL, 93, 1, 1, NULL);
INSERT INTO T09D_REGISTRO_DE_PONTO (DATA_REGISTRO, OBSERVACOES, ID_AJUSTE, ID_COMPENSACAO, ID_PONTO, ID_PROFISSIONAL, ID_ESCALA, ID_FERIAS) VALUES ('2024-05-09', '', NULL, NULL, 94, 1, 1, NULL);
INSERT INTO T09D_REGISTRO_DE_PONTO (DATA_REGISTRO, OBSERVACOES, ID_AJUSTE, ID_COMPENSACAO, ID_PONTO, ID_PROFISSIONAL, ID_ESCALA, ID_FERIAS) VALUES ('2024-05-10', '', NULL, NULL, 95, 1, 1, NULL);
INSERT INTO T09D_REGISTRO_DE_PONTO (DATA_REGISTRO, OBSERVACOES, ID_AJUSTE, ID_COMPENSACAO, ID_PONTO, ID_PROFISSIONAL, ID_ESCALA, ID_FERIAS) VALUES ('2024-05-13', '', NULL, NULL, 96, 1, 1, NULL);
INSERT INTO T09D_REGISTRO_DE_PONTO (DATA_REGISTRO, OBSERVACOES, ID_AJUSTE, ID_COMPENSACAO, ID_PONTO, ID_PROFISSIONAL, ID_ESCALA, ID_FERIAS) VALUES ('2024-05-14', '', NULL, NULL, 97, 1, 1, NULL);
INSERT INTO T09D_REGISTRO_DE_PONTO (DATA_REGISTRO, OBSERVACOES, ID_AJUSTE, ID_COMPENSACAO, ID_PONTO, ID_PROFISSIONAL, ID_ESCALA, ID_FERIAS) VALUES ('2024-05-15', '', NULL, NULL, 98, 1, 1, NULL);
INSERT INTO T09D_REGISTRO_DE_PONTO (DATA_REGISTRO, OBSERVACOES, ID_AJUSTE, ID_COMPENSACAO, ID_PONTO, ID_PROFISSIONAL, ID_ESCALA, ID_FERIAS) VALUES ('2024-05-16', '', NULL, NULL, 99, 1, 1, NULL);
INSERT INTO T09D_REGISTRO_DE_PONTO (DATA_REGISTRO, OBSERVACOES, ID_AJUSTE, ID_COMPENSACAO, ID_PONTO, ID_PROFISSIONAL, ID_ESCALA, ID_FERIAS) VALUES ('2024-05-17', '', NULL, NULL, 100, 1, 1, NULL);
INSERT INTO T09D_REGISTRO_DE_PONTO (DATA_REGISTRO, OBSERVACOES, ID_AJUSTE, ID_COMPENSACAO, ID_PONTO, ID_PROFISSIONAL, ID_ESCALA, ID_FERIAS) VALUES ('2024-05-20', '', NULL, NULL, 101, 1, 1, NULL);
INSERT INTO T09D_REGISTRO_DE_PONTO (DATA_REGISTRO, OBSERVACOES, ID_AJUSTE, ID_COMPENSACAO, ID_PONTO, ID_PROFISSIONAL, ID_ESCALA, ID_FERIAS) VALUES ('2024-05-21', '', NULL, NULL, 102, 1, 1, NULL);
INSERT INTO T09D_REGISTRO_DE_PONTO (DATA_REGISTRO, OBSERVACOES, ID_AJUSTE, ID_COMPENSACAO, ID_PONTO, ID_PROFISSIONAL, ID_ESCALA, ID_FERIAS) VALUES ('2024-05-22', '', NULL, NULL, 103, 1, 1, NULL);
INSERT INTO T09D_REGISTRO_DE_PONTO (DATA_REGISTRO, OBSERVACOES, ID_AJUSTE, ID_COMPENSACAO, ID_PONTO, ID_PROFISSIONAL, ID_ESCALA, ID_FERIAS) VALUES ('2024-05-23', '', NULL, NULL, 104, 1, 1, NULL);
INSERT INTO T09D_REGISTRO_DE_PONTO (DATA_REGISTRO, OBSERVACOES, ID_AJUSTE, ID_COMPENSACAO, ID_PONTO, ID_PROFISSIONAL, ID_ESCALA, ID_FERIAS) VALUES ('2024-05-24', '', NULL, NULL, 105, 1, 1, NULL);
INSERT INTO T09D_REGISTRO_DE_PONTO (DATA_REGISTRO, OBSERVACOES, ID_AJUSTE, ID_COMPENSACAO, ID_PONTO, ID_PROFISSIONAL, ID_ESCALA, ID_FERIAS) VALUES ('2024-05-27', '', NULL, NULL, 106, 1, 1, NULL);
INSERT INTO T09D_REGISTRO_DE_PONTO (DATA_REGISTRO, OBSERVACOES, ID_AJUSTE, ID_COMPENSACAO, ID_PONTO, ID_PROFISSIONAL, ID_ESCALA, ID_FERIAS) VALUES ('2024-05-28', '', NULL, NULL, 107, 1, 1, NULL);
INSERT INTO T09D_REGISTRO_DE_PONTO (DATA_REGISTRO, OBSERVACOES, ID_AJUSTE, ID_COMPENSACAO, ID_PONTO, ID_PROFISSIONAL, ID_ESCALA, ID_FERIAS) VALUES ('2024-05-29', '', NULL, NULL, 108, 1, 1, NULL);
INSERT INTO T09D_REGISTRO_DE_PONTO (DATA_REGISTRO, OBSERVACOES, ID_AJUSTE, ID_COMPENSACAO, ID_PONTO, ID_PROFISSIONAL, ID_ESCALA, ID_FERIAS) VALUES ('2024-05-30', '', NULL, NULL, 109, 1, 1, NULL);
INSERT INTO T09D_REGISTRO_DE_PONTO (DATA_REGISTRO, OBSERVACOES, ID_AJUSTE, ID_COMPENSACAO, ID_PONTO, ID_PROFISSIONAL, ID_ESCALA, ID_FERIAS) VALUES ('2024-05-31', '', NULL, NULL, 110, 1, 1, NULL);
INSERT INTO T09D_REGISTRO_DE_PONTO (DATA_REGISTRO, OBSERVACOES, ID_AJUSTE, ID_COMPENSACAO, ID_PONTO, ID_PROFISSIONAL, ID_ESCALA, ID_FERIAS) VALUES ('2024-06-03', '', NULL, NULL, 111, 1, 1, NULL);
INSERT INTO T09D_REGISTRO_DE_PONTO (DATA_REGISTRO, OBSERVACOES, ID_AJUSTE, ID_COMPENSACAO, ID_PONTO, ID_PROFISSIONAL, ID_ESCALA, ID_FERIAS) VALUES ('2024-06-04', '', NULL, NULL, 112, 1, 1, NULL);
INSERT INTO T09D_REGISTRO_DE_PONTO (DATA_REGISTRO, OBSERVACOES, ID_AJUSTE, ID_COMPENSACAO, ID_PONTO, ID_PROFISSIONAL, ID_ESCALA, ID_FERIAS) VALUES ('2024-06-05', '', NULL, NULL, 113, 1, 1, NULL);
INSERT INTO T09D_REGISTRO_DE_PONTO (DATA_REGISTRO, OBSERVACOES, ID_AJUSTE, ID_COMPENSACAO, ID_PONTO, ID_PROFISSIONAL, ID_ESCALA, ID_FERIAS) VALUES ('2024-06-06', '', NULL, NULL, 114, 1, 1, NULL);
INSERT INTO T09D_REGISTRO_DE_PONTO (DATA_REGISTRO, OBSERVACOES, ID_AJUSTE, ID_COMPENSACAO, ID_PONTO, ID_PROFISSIONAL, ID_ESCALA, ID_FERIAS) VALUES ('2024-06-07', '', NULL, NULL, 115, 1, 1, NULL);
INSERT INTO T09D_REGISTRO_DE_PONTO (DATA_REGISTRO, OBSERVACOES, ID_AJUSTE, ID_COMPENSACAO, ID_PONTO, ID_PROFISSIONAL, ID_ESCALA, ID_FERIAS) VALUES ('2024-06-10', '', NULL, NULL, 116, 1, 1, NULL);
INSERT INTO T09D_REGISTRO_DE_PONTO (DATA_REGISTRO, OBSERVACOES, ID_AJUSTE, ID_COMPENSACAO, ID_PONTO, ID_PROFISSIONAL, ID_ESCALA, ID_FERIAS) VALUES ('2024-06-11', '', NULL, NULL, 117, 1, 1, NULL);
INSERT INTO T09D_REGISTRO_DE_PONTO (DATA_REGISTRO, OBSERVACOES, ID_AJUSTE, ID_COMPENSACAO, ID_PONTO, ID_PROFISSIONAL, ID_ESCALA, ID_FERIAS) VALUES ('2024-06-12', '', NULL, NULL, 118, 1, 1, NULL);
INSERT INTO T09D_REGISTRO_DE_PONTO (DATA_REGISTRO, OBSERVACOES, ID_AJUSTE, ID_COMPENSACAO, ID_PONTO, ID_PROFISSIONAL, ID_ESCALA, ID_FERIAS) VALUES ('2024-06-13', '', NULL, NULL, 119, 1, 1, NULL);
INSERT INTO T09D_REGISTRO_DE_PONTO (DATA_REGISTRO, OBSERVACOES, ID_AJUSTE, ID_COMPENSACAO, ID_PONTO, ID_PROFISSIONAL, ID_ESCALA, ID_FERIAS) VALUES ('2024-06-14', '', NULL, NULL, 120, 1, 1, NULL);
INSERT INTO T09D_REGISTRO_DE_PONTO (DATA_REGISTRO, OBSERVACOES, ID_AJUSTE, ID_COMPENSACAO, ID_PONTO, ID_PROFISSIONAL, ID_ESCALA, ID_FERIAS) VALUES ('2024-06-17', '', NULL, NULL, 121, 1, 1, NULL);
INSERT INTO T09D_REGISTRO_DE_PONTO (DATA_REGISTRO, OBSERVACOES, ID_AJUSTE, ID_COMPENSACAO, ID_PONTO, ID_PROFISSIONAL, ID_ESCALA, ID_FERIAS) VALUES ('2024-06-18', '', NULL, NULL, 122, 1, 1, NULL);
INSERT INTO T09D_REGISTRO_DE_PONTO (DATA_REGISTRO, OBSERVACOES, ID_AJUSTE, ID_COMPENSACAO, ID_PONTO, ID_PROFISSIONAL, ID_ESCALA, ID_FERIAS) VALUES ('2024-06-19', '', NULL, NULL, 123, 1, 1, NULL);
INSERT INTO T09D_REGISTRO_DE_PONTO (DATA_REGISTRO, OBSERVACOES, ID_AJUSTE, ID_COMPENSACAO, ID_PONTO, ID_PROFISSIONAL, ID_ESCALA, ID_FERIAS) VALUES ('2024-06-20', '', NULL, NULL, 124, 1, 1, NULL);
INSERT INTO T09D_REGISTRO_DE_PONTO (DATA_REGISTRO, OBSERVACOES, ID_AJUSTE, ID_COMPENSACAO, ID_PONTO, ID_PROFISSIONAL, ID_ESCALA, ID_FERIAS) VALUES ('2024-06-21', '', NULL, NULL, 125, 1, 1, NULL);
INSERT INTO T09D_REGISTRO_DE_PONTO (DATA_REGISTRO, OBSERVACOES, ID_AJUSTE, ID_COMPENSACAO, ID_PONTO, ID_PROFISSIONAL, ID_ESCALA, ID_FERIAS) VALUES ('2024-06-24', '', NULL, NULL, 126, 1, 1, NULL);
INSERT INTO T09D_REGISTRO_DE_PONTO (DATA_REGISTRO, OBSERVACOES, ID_AJUSTE, ID_COMPENSACAO, ID_PONTO, ID_PROFISSIONAL, ID_ESCALA, ID_FERIAS) VALUES ('2024-06-25', '', NULL, NULL, 127, 1, 1, NULL);
INSERT INTO T09D_REGISTRO_DE_PONTO (DATA_REGISTRO, OBSERVACOES, ID_AJUSTE, ID_COMPENSACAO, ID_PONTO, ID_PROFISSIONAL, ID_ESCALA, ID_FERIAS) VALUES ('2024-06-26', '', NULL, NULL, 128, 1, 1, NULL);
INSERT INTO T09D_REGISTRO_DE_PONTO (DATA_REGISTRO, OBSERVACOES, ID_AJUSTE, ID_COMPENSACAO, ID_PONTO, ID_PROFISSIONAL, ID_ESCALA, ID_FERIAS) VALUES ('2024-06-27', '', NULL, NULL, 129, 1, 1, NULL);
INSERT INTO T09D_REGISTRO_DE_PONTO (DATA_REGISTRO, OBSERVACOES, ID_AJUSTE, ID_COMPENSACAO, ID_PONTO, ID_PROFISSIONAL, ID_ESCALA, ID_FERIAS) VALUES ('2024-06-28', '', NULL, NULL, 130, 1, 1, NULL);
INSERT INTO T09D_REGISTRO_DE_PONTO (DATA_REGISTRO, OBSERVACOES, ID_AJUSTE, ID_COMPENSACAO, ID_PONTO, ID_PROFISSIONAL, ID_ESCALA, ID_FERIAS) VALUES ('2024-07-31', '', NULL, NULL, 131, 1, 1, NULL);
INSERT INTO T09D_REGISTRO_DE_PONTO (DATA_REGISTRO, OBSERVACOES, ID_AJUSTE, ID_COMPENSACAO, ID_PONTO, ID_PROFISSIONAL, ID_ESCALA, ID_FERIAS) VALUES ('2024-08-01', '', NULL, NULL, 132, 1, 1, NULL);
INSERT INTO T09D_REGISTRO_DE_PONTO (DATA_REGISTRO, OBSERVACOES, ID_AJUSTE, ID_COMPENSACAO, ID_PONTO, ID_PROFISSIONAL, ID_ESCALA, ID_FERIAS) VALUES ('2024-08-02', '', NULL, NULL, 133, 1, 1, NULL);
INSERT INTO T09D_REGISTRO_DE_PONTO (DATA_REGISTRO, OBSERVACOES, ID_AJUSTE, ID_COMPENSACAO, ID_PONTO, ID_PROFISSIONAL, ID_ESCALA, ID_FERIAS) VALUES ('2024-08-05', '', NULL, NULL, 134, 1, 1, NULL);
INSERT INTO T09D_REGISTRO_DE_PONTO (DATA_REGISTRO, OBSERVACOES, ID_AJUSTE, ID_COMPENSACAO, ID_PONTO, ID_PROFISSIONAL, ID_ESCALA, ID_FERIAS) VALUES ('2024-08-06', '', NULL, NULL, 135, 1, 1, NULL);
INSERT INTO T09D_REGISTRO_DE_PONTO (DATA_REGISTRO, OBSERVACOES, ID_AJUSTE, ID_COMPENSACAO, ID_PONTO, ID_PROFISSIONAL, ID_ESCALA, ID_FERIAS) VALUES ('2024-08-07', '', NULL, NULL, 136, 1, 1, NULL);
INSERT INTO T09D_REGISTRO_DE_PONTO (DATA_REGISTRO, OBSERVACOES, ID_AJUSTE, ID_COMPENSACAO, ID_PONTO, ID_PROFISSIONAL, ID_ESCALA, ID_FERIAS) VALUES ('2024-08-08', '', NULL, NULL, 137, 1, 1, NULL);
INSERT INTO T09D_REGISTRO_DE_PONTO (DATA_REGISTRO, OBSERVACOES, ID_AJUSTE, ID_COMPENSACAO, ID_PONTO, ID_PROFISSIONAL, ID_ESCALA, ID_FERIAS) VALUES ('2024-08-09', '', NULL, NULL, 138, 1, 1, NULL);
INSERT INTO T09D_REGISTRO_DE_PONTO (DATA_REGISTRO, OBSERVACOES, ID_AJUSTE, ID_COMPENSACAO, ID_PONTO, ID_PROFISSIONAL, ID_ESCALA, ID_FERIAS) VALUES ('2024-08-12', '', NULL, NULL, 139, 1, 1, NULL);
INSERT INTO T09D_REGISTRO_DE_PONTO (DATA_REGISTRO, OBSERVACOES, ID_AJUSTE, ID_COMPENSACAO, ID_PONTO, ID_PROFISSIONAL, ID_ESCALA, ID_FERIAS) VALUES ('2024-08-13', '', NULL, NULL, 140, 1, 1, NULL);
INSERT INTO T09D_REGISTRO_DE_PONTO (DATA_REGISTRO, OBSERVACOES, ID_AJUSTE, ID_COMPENSACAO, ID_PONTO, ID_PROFISSIONAL, ID_ESCALA, ID_FERIAS) VALUES ('2024-08-14', '', NULL, NULL, 141, 1, 1, NULL);
INSERT INTO T09D_REGISTRO_DE_PONTO (DATA_REGISTRO, OBSERVACOES, ID_AJUSTE, ID_COMPENSACAO, ID_PONTO, ID_PROFISSIONAL, ID_ESCALA, ID_FERIAS) VALUES ('2024-08-15', '', NULL, NULL, 142, 1, 1, NULL);
INSERT INTO T09D_REGISTRO_DE_PONTO (DATA_REGISTRO, OBSERVACOES, ID_AJUSTE, ID_COMPENSACAO, ID_PONTO, ID_PROFISSIONAL, ID_ESCALA, ID_FERIAS) VALUES ('2024-08-16', '', NULL, NULL, 143, 1, 1, NULL);
INSERT INTO T09D_REGISTRO_DE_PONTO (DATA_REGISTRO, OBSERVACOES, ID_AJUSTE, ID_COMPENSACAO, ID_PONTO, ID_PROFISSIONAL, ID_ESCALA, ID_FERIAS) VALUES ('2024-08-19', '', NULL, NULL, 144, 1, 1, NULL);
INSERT INTO T09D_REGISTRO_DE_PONTO (DATA_REGISTRO, OBSERVACOES, ID_AJUSTE, ID_COMPENSACAO, ID_PONTO, ID_PROFISSIONAL, ID_ESCALA, ID_FERIAS) VALUES ('2024-08-20', '', NULL, NULL, 145, 1, 1, NULL);
INSERT INTO T09D_REGISTRO_DE_PONTO (DATA_REGISTRO, OBSERVACOES, ID_AJUSTE, ID_COMPENSACAO, ID_PONTO, ID_PROFISSIONAL, ID_ESCALA, ID_FERIAS) VALUES ('2024-08-21', '', NULL, NULL, 146, 1, 1, NULL);
INSERT INTO T09D_REGISTRO_DE_PONTO (DATA_REGISTRO, OBSERVACOES, ID_AJUSTE, ID_COMPENSACAO, ID_PONTO, ID_PROFISSIONAL, ID_ESCALA, ID_FERIAS) VALUES ('2024-08-22', '', NULL, NULL, 147, 1, 1, NULL);
INSERT INTO T09D_REGISTRO_DE_PONTO (DATA_REGISTRO, OBSERVACOES, ID_AJUSTE, ID_COMPENSACAO, ID_PONTO, ID_PROFISSIONAL, ID_ESCALA, ID_FERIAS) VALUES ('2024-08-23', '', NULL, NULL, 148, 1, 1, NULL);
INSERT INTO T09D_REGISTRO_DE_PONTO (DATA_REGISTRO, OBSERVACOES, ID_AJUSTE, ID_COMPENSACAO, ID_PONTO, ID_PROFISSIONAL, ID_ESCALA, ID_FERIAS) VALUES ('2024-08-26', '', NULL, NULL, 149, 1, 1, NULL);
INSERT INTO T09D_REGISTRO_DE_PONTO (DATA_REGISTRO, OBSERVACOES, ID_AJUSTE, ID_COMPENSACAO, ID_PONTO, ID_PROFISSIONAL, ID_ESCALA, ID_FERIAS) VALUES ('2024-08-27', '', NULL, NULL, 150, 1, 1, NULL);
INSERT INTO T09D_REGISTRO_DE_PONTO (DATA_REGISTRO, OBSERVACOES, ID_AJUSTE, ID_COMPENSACAO, ID_PONTO, ID_PROFISSIONAL, ID_ESCALA, ID_FERIAS) VALUES ('2024-08-28', '', NULL, NULL, 151, 1, 1, NULL);
INSERT INTO T09D_REGISTRO_DE_PONTO (DATA_REGISTRO, OBSERVACOES, ID_AJUSTE, ID_COMPENSACAO, ID_PONTO, ID_PROFISSIONAL, ID_ESCALA, ID_FERIAS) VALUES ('2024-08-29', '', NULL, NULL, 152, 1, 1, NULL);
INSERT INTO T09D_REGISTRO_DE_PONTO (DATA_REGISTRO, OBSERVACOES, ID_AJUSTE, ID_COMPENSACAO, ID_PONTO, ID_PROFISSIONAL, ID_ESCALA, ID_FERIAS) VALUES ('2024-08-30', '', NULL, NULL, 153, 1, 1, NULL);
INSERT INTO T09D_REGISTRO_DE_PONTO (DATA_REGISTRO, OBSERVACOES, ID_AJUSTE, ID_COMPENSACAO, ID_PONTO, ID_PROFISSIONAL, ID_ESCALA, ID_FERIAS) VALUES ('2024-09-02', '', NULL, NULL, 154, 1, 1, NULL);
INSERT INTO T09D_REGISTRO_DE_PONTO (DATA_REGISTRO, OBSERVACOES, ID_AJUSTE, ID_COMPENSACAO, ID_PONTO, ID_PROFISSIONAL, ID_ESCALA, ID_FERIAS) VALUES ('2024-09-03', '', NULL, NULL, 155, 1, 1, NULL);
INSERT INTO T09D_REGISTRO_DE_PONTO (DATA_REGISTRO, OBSERVACOES, ID_AJUSTE, ID_COMPENSACAO, ID_PONTO, ID_PROFISSIONAL, ID_ESCALA, ID_FERIAS) VALUES ('2024-09-04', '', NULL, NULL, 156, 1, 1, NULL);
INSERT INTO T09D_REGISTRO_DE_PONTO (DATA_REGISTRO, OBSERVACOES, ID_AJUSTE, ID_COMPENSACAO, ID_PONTO, ID_PROFISSIONAL, ID_ESCALA, ID_FERIAS) VALUES ('2024-09-05', '', NULL, NULL, 157, 1, 1, NULL);
INSERT INTO T09D_REGISTRO_DE_PONTO (DATA_REGISTRO, OBSERVACOES, ID_AJUSTE, ID_COMPENSACAO, ID_PONTO, ID_PROFISSIONAL, ID_ESCALA, ID_FERIAS) VALUES ('2024-09-06', '', NULL, NULL, 158, 1, 1, NULL);
INSERT INTO T09D_REGISTRO_DE_PONTO (DATA_REGISTRO, OBSERVACOES, ID_AJUSTE, ID_COMPENSACAO, ID_PONTO, ID_PROFISSIONAL, ID_ESCALA, ID_FERIAS) VALUES ('2024-09-09', '', NULL, NULL, 159, 1, 1, NULL);
INSERT INTO T09D_REGISTRO_DE_PONTO (DATA_REGISTRO, OBSERVACOES, ID_AJUSTE, ID_COMPENSACAO, ID_PONTO, ID_PROFISSIONAL, ID_ESCALA, ID_FERIAS) VALUES ('2024-09-10', '', NULL, NULL, 160, 1, 1, NULL);
INSERT INTO T09D_REGISTRO_DE_PONTO (DATA_REGISTRO, OBSERVACOES, ID_AJUSTE, ID_COMPENSACAO, ID_PONTO, ID_PROFISSIONAL, ID_ESCALA, ID_FERIAS) VALUES ('2024-09-11', '', NULL, NULL, 161, 1, 1, NULL);
INSERT INTO T09D_REGISTRO_DE_PONTO (DATA_REGISTRO, OBSERVACOES, ID_AJUSTE, ID_COMPENSACAO, ID_PONTO, ID_PROFISSIONAL, ID_ESCALA, ID_FERIAS) VALUES ('2024-09-12', '', NULL, NULL, 162, 1, 1, NULL);
INSERT INTO T09D_REGISTRO_DE_PONTO (DATA_REGISTRO, OBSERVACOES, ID_AJUSTE, ID_COMPENSACAO, ID_PONTO, ID_PROFISSIONAL, ID_ESCALA, ID_FERIAS) VALUES ('2024-09-13', '', NULL, NULL, 163, 1, 1, NULL);
INSERT INTO T09D_REGISTRO_DE_PONTO (DATA_REGISTRO, OBSERVACOES, ID_AJUSTE, ID_COMPENSACAO, ID_PONTO, ID_PROFISSIONAL, ID_ESCALA, ID_FERIAS) VALUES ('2024-09-16', '', NULL, NULL, 164, 1, 1, NULL);
INSERT INTO T09D_REGISTRO_DE_PONTO (DATA_REGISTRO, OBSERVACOES, ID_AJUSTE, ID_COMPENSACAO, ID_PONTO, ID_PROFISSIONAL, ID_ESCALA, ID_FERIAS) VALUES ('2024-09-17', '', NULL, NULL, 165, 1, 1, NULL);
INSERT INTO T09D_REGISTRO_DE_PONTO (DATA_REGISTRO, OBSERVACOES, ID_AJUSTE, ID_COMPENSACAO, ID_PONTO, ID_PROFISSIONAL, ID_ESCALA, ID_FERIAS) VALUES ('2024-09-18', '', NULL, NULL, 166, 1, 1, NULL);
INSERT INTO T09D_REGISTRO_DE_PONTO (DATA_REGISTRO, OBSERVACOES, ID_AJUSTE, ID_COMPENSACAO, ID_PONTO, ID_PROFISSIONAL, ID_ESCALA, ID_FERIAS) VALUES ('2024-09-19', '', NULL, NULL, 167, 1, 1, NULL);
INSERT INTO T09D_REGISTRO_DE_PONTO (DATA_REGISTRO, OBSERVACOES, ID_AJUSTE, ID_COMPENSACAO, ID_PONTO, ID_PROFISSIONAL, ID_ESCALA, ID_FERIAS) VALUES ('2024-09-20', '', NULL, NULL, 168, 1, 1, NULL);
INSERT INTO T09D_REGISTRO_DE_PONTO (DATA_REGISTRO, OBSERVACOES, ID_AJUSTE, ID_COMPENSACAO, ID_PONTO, ID_PROFISSIONAL, ID_ESCALA, ID_FERIAS) VALUES ('2024-09-23', '', NULL, NULL, 169, 1, 1, NULL);
INSERT INTO T09D_REGISTRO_DE_PONTO (DATA_REGISTRO, OBSERVACOES, ID_AJUSTE, ID_COMPENSACAO, ID_PONTO, ID_PROFISSIONAL, ID_ESCALA, ID_FERIAS) VALUES ('2024-09-24', '', NULL, NULL, 170, 1, 1, NULL);
INSERT INTO T09D_REGISTRO_DE_PONTO (DATA_REGISTRO, OBSERVACOES, ID_AJUSTE, ID_COMPENSACAO, ID_PONTO, ID_PROFISSIONAL, ID_ESCALA, ID_FERIAS) VALUES ('2024-09-25', '', NULL, NULL, 171, 1, 1, NULL);
INSERT INTO T09D_REGISTRO_DE_PONTO (DATA_REGISTRO, OBSERVACOES, ID_AJUSTE, ID_COMPENSACAO, ID_PONTO, ID_PROFISSIONAL, ID_ESCALA, ID_FERIAS) VALUES ('2024-09-26', '', NULL, NULL, 172, 1, 1, NULL);
INSERT INTO T09D_REGISTRO_DE_PONTO (DATA_REGISTRO, OBSERVACOES, ID_AJUSTE, ID_COMPENSACAO, ID_PONTO, ID_PROFISSIONAL, ID_ESCALA, ID_FERIAS) VALUES ('2024-09-27', '', NULL, NULL, 173, 1, 1, NULL);
INSERT INTO T09D_REGISTRO_DE_PONTO (DATA_REGISTRO, OBSERVACOES, ID_AJUSTE, ID_COMPENSACAO, ID_PONTO, ID_PROFISSIONAL, ID_ESCALA, ID_FERIAS) VALUES ('2024-09-30', '', NULL, NULL, 174, 1, 1, NULL);
INSERT INTO T09D_REGISTRO_DE_PONTO (DATA_REGISTRO, OBSERVACOES, ID_AJUSTE, ID_COMPENSACAO, ID_PONTO, ID_PROFISSIONAL, ID_ESCALA, ID_FERIAS) VALUES ('2024-10-01', '', NULL, NULL, 175, 1, 1, NULL);
INSERT INTO T09D_REGISTRO_DE_PONTO (DATA_REGISTRO, OBSERVACOES, ID_AJUSTE, ID_COMPENSACAO, ID_PONTO, ID_PROFISSIONAL, ID_ESCALA, ID_FERIAS) VALUES ('2024-10-02', '', NULL, NULL, 176, 1, 1, NULL);
INSERT INTO T09D_REGISTRO_DE_PONTO (DATA_REGISTRO, OBSERVACOES, ID_AJUSTE, ID_COMPENSACAO, ID_PONTO, ID_PROFISSIONAL, ID_ESCALA, ID_FERIAS) VALUES ('2024-10-03', '', NULL, NULL, 177, 1, 1, NULL);
INSERT INTO T09D_REGISTRO_DE_PONTO (DATA_REGISTRO, OBSERVACOES, ID_AJUSTE, ID_COMPENSACAO, ID_PONTO, ID_PROFISSIONAL, ID_ESCALA, ID_FERIAS) VALUES ('2024-10-04', '', NULL, NULL, 178, 1, 1, NULL);
INSERT INTO T09D_REGISTRO_DE_PONTO (DATA_REGISTRO, OBSERVACOES, ID_AJUSTE, ID_COMPENSACAO, ID_PONTO, ID_PROFISSIONAL, ID_ESCALA, ID_FERIAS) VALUES ('2024-10-07', '', NULL, NULL, 179, 1, 1, NULL);
INSERT INTO T09D_REGISTRO_DE_PONTO (DATA_REGISTRO, OBSERVACOES, ID_AJUSTE, ID_COMPENSACAO, ID_PONTO, ID_PROFISSIONAL, ID_ESCALA, ID_FERIAS) VALUES ('2024-10-08', '', NULL, NULL, 180, 1, 1, NULL);
INSERT INTO T09D_REGISTRO_DE_PONTO (DATA_REGISTRO, OBSERVACOES, ID_AJUSTE, ID_COMPENSACAO, ID_PONTO, ID_PROFISSIONAL, ID_ESCALA, ID_FERIAS) VALUES ('2024-10-09', '', NULL, NULL, 181, 1, 1, NULL);
INSERT INTO T09D_REGISTRO_DE_PONTO (DATA_REGISTRO, OBSERVACOES, ID_AJUSTE, ID_COMPENSACAO, ID_PONTO, ID_PROFISSIONAL, ID_ESCALA, ID_FERIAS) VALUES ('2024-10-10', '', NULL, NULL, 182, 1, 1, NULL);
INSERT INTO T09D_REGISTRO_DE_PONTO (DATA_REGISTRO, OBSERVACOES, ID_AJUSTE, ID_COMPENSACAO, ID_PONTO, ID_PROFISSIONAL, ID_ESCALA, ID_FERIAS) VALUES ('2024-10-11', '', NULL, NULL, 183, 1, 1, NULL);
INSERT INTO T09D_REGISTRO_DE_PONTO (DATA_REGISTRO, OBSERVACOES, ID_AJUSTE, ID_COMPENSACAO, ID_PONTO, ID_PROFISSIONAL, ID_ESCALA, ID_FERIAS) VALUES ('2024-10-14', '', NULL, NULL, 184, 1, 1, NULL);
INSERT INTO T09D_REGISTRO_DE_PONTO (DATA_REGISTRO, OBSERVACOES, ID_AJUSTE, ID_COMPENSACAO, ID_PONTO, ID_PROFISSIONAL, ID_ESCALA, ID_FERIAS) VALUES ('2024-10-15', '', NULL, NULL, 185, 1, 1, NULL);
INSERT INTO T09D_REGISTRO_DE_PONTO (DATA_REGISTRO, OBSERVACOES, ID_AJUSTE, ID_COMPENSACAO, ID_PONTO, ID_PROFISSIONAL, ID_ESCALA, ID_FERIAS) VALUES ('2024-10-16', '', NULL, NULL, 186, 1, 1, NULL);
INSERT INTO T09D_REGISTRO_DE_PONTO (DATA_REGISTRO, OBSERVACOES, ID_AJUSTE, ID_COMPENSACAO, ID_PONTO, ID_PROFISSIONAL, ID_ESCALA, ID_FERIAS) VALUES ('2024-10-17', '', NULL, NULL, 187, 1, 1, NULL);
INSERT INTO T09D_REGISTRO_DE_PONTO (DATA_REGISTRO, OBSERVACOES, ID_AJUSTE, ID_COMPENSACAO, ID_PONTO, ID_PROFISSIONAL, ID_ESCALA, ID_FERIAS) VALUES ('2024-10-18', '', NULL, NULL, 188, 1, 1, NULL);
INSERT INTO T09D_REGISTRO_DE_PONTO (DATA_REGISTRO, OBSERVACOES, ID_AJUSTE, ID_COMPENSACAO, ID_PONTO, ID_PROFISSIONAL, ID_ESCALA, ID_FERIAS) VALUES ('2024-10-21', '', NULL, NULL, 189, 1, 1, NULL);
INSERT INTO T09D_REGISTRO_DE_PONTO (DATA_REGISTRO, OBSERVACOES, ID_AJUSTE, ID_COMPENSACAO, ID_PONTO, ID_PROFISSIONAL, ID_ESCALA, ID_FERIAS) VALUES ('2024-10-22', 'Entrada tardia', NULL, NULL, 190, 1, 1, NULL);
INSERT INTO T09D_REGISTRO_DE_PONTO (DATA_REGISTRO, OBSERVACOES, ID_AJUSTE, ID_COMPENSACAO, ID_PONTO, ID_PROFISSIONAL, ID_ESCALA, ID_FERIAS) VALUES ('2024-10-23', '', NULL, NULL, 191, 1, 1, NULL);
INSERT INTO T09D_REGISTRO_DE_PONTO (DATA_REGISTRO, OBSERVACOES, ID_AJUSTE, ID_COMPENSACAO, ID_PONTO, ID_PROFISSIONAL, ID_ESCALA, ID_FERIAS) VALUES ('2024-10-24', '', NULL, NULL, 192, 1, 1, NULL);
INSERT INTO T09D_REGISTRO_DE_PONTO (DATA_REGISTRO, OBSERVACOES, ID_AJUSTE, ID_COMPENSACAO, ID_PONTO, ID_PROFISSIONAL, ID_ESCALA, ID_FERIAS) VALUES ('2024-10-25', '', NULL, NULL, 193, 1, 1, NULL);
INSERT INTO T09D_REGISTRO_DE_PONTO (DATA_REGISTRO, OBSERVACOES, ID_AJUSTE, ID_COMPENSACAO, ID_PONTO, ID_PROFISSIONAL, ID_ESCALA, ID_FERIAS) VALUES ('2024-10-28', '', NULL, NULL, 194, 1, 1, NULL);
INSERT INTO T09D_REGISTRO_DE_PONTO (DATA_REGISTRO, OBSERVACOES, ID_AJUSTE, ID_COMPENSACAO, ID_PONTO, ID_PROFISSIONAL, ID_ESCALA, ID_FERIAS) VALUES ('2024-10-29', '', NULL, NULL, 195, 1, 1, NULL);
INSERT INTO T09D_REGISTRO_DE_PONTO (DATA_REGISTRO, OBSERVACOES, ID_AJUSTE, ID_COMPENSACAO, ID_PONTO, ID_PROFISSIONAL, ID_ESCALA, ID_FERIAS) VALUES ('2024-10-30', '', NULL, NULL, 196, 1, 1, NULL);
INSERT INTO T09D_REGISTRO_DE_PONTO (DATA_REGISTRO, OBSERVACOES, ID_AJUSTE, ID_COMPENSACAO, ID_PONTO, ID_PROFISSIONAL, ID_ESCALA, ID_FERIAS) VALUES ('2024-10-31', '', NULL, NULL, 197, 1, 1, NULL);
INSERT INTO T09D_REGISTRO_DE_PONTO (DATA_REGISTRO, OBSERVACOES, ID_AJUSTE, ID_COMPENSACAO, ID_PONTO, ID_PROFISSIONAL, ID_ESCALA, ID_FERIAS) VALUES ('2024-11-01', '', NULL, NULL, 198, 1, 1, NULL);
INSERT INTO T09D_REGISTRO_DE_PONTO (DATA_REGISTRO, OBSERVACOES, ID_AJUSTE, ID_COMPENSACAO, ID_PONTO, ID_PROFISSIONAL, ID_ESCALA, ID_FERIAS) VALUES ('2024-11-04', '', NULL, NULL, 199, 1, 1, NULL);
INSERT INTO T09D_REGISTRO_DE_PONTO (DATA_REGISTRO, OBSERVACOES, ID_AJUSTE, ID_COMPENSACAO, ID_PONTO, ID_PROFISSIONAL, ID_ESCALA, ID_FERIAS) VALUES ('2024-11-05', '', NULL, NULL, 200, 1, 1, NULL);
INSERT INTO T09D_REGISTRO_DE_PONTO (DATA_REGISTRO, OBSERVACOES, ID_AJUSTE, ID_COMPENSACAO, ID_PONTO, ID_PROFISSIONAL, ID_ESCALA, ID_FERIAS) VALUES ('2024-11-06', '', NULL, NULL, 201, 1, 1, NULL);
INSERT INTO T09D_REGISTRO_DE_PONTO (DATA_REGISTRO, OBSERVACOES, ID_AJUSTE, ID_COMPENSACAO, ID_PONTO, ID_PROFISSIONAL, ID_ESCALA, ID_FERIAS) VALUES ('2024-11-07', '', NULL, NULL, 202, 1, 1, NULL);
INSERT INTO T09D_REGISTRO_DE_PONTO (DATA_REGISTRO, OBSERVACOES, ID_AJUSTE, ID_COMPENSACAO, ID_PONTO, ID_PROFISSIONAL, ID_ESCALA, ID_FERIAS) VALUES ('2024-11-08', '', NULL, NULL, 203, 1, 1, NULL);
INSERT INTO T09D_REGISTRO_DE_PONTO (DATA_REGISTRO, OBSERVACOES, ID_AJUSTE, ID_COMPENSACAO, ID_PONTO, ID_PROFISSIONAL, ID_ESCALA, ID_FERIAS) VALUES ('2024-11-11', '', NULL, NULL, 204, 1, 1, NULL);
INSERT INTO T09D_REGISTRO_DE_PONTO (DATA_REGISTRO, OBSERVACOES, ID_AJUSTE, ID_COMPENSACAO, ID_PONTO, ID_PROFISSIONAL, ID_ESCALA, ID_FERIAS) VALUES ('2024-11-12', '', NULL, NULL, 205, 1, 1, NULL);
INSERT INTO T09D_REGISTRO_DE_PONTO (DATA_REGISTRO, OBSERVACOES, ID_AJUSTE, ID_COMPENSACAO, ID_PONTO, ID_PROFISSIONAL, ID_ESCALA, ID_FERIAS) VALUES ('2024-11-13', '', NULL, NULL, 206, 1, 1, NULL);
INSERT INTO T09D_REGISTRO_DE_PONTO (DATA_REGISTRO, OBSERVACOES, ID_AJUSTE, ID_COMPENSACAO, ID_PONTO, ID_PROFISSIONAL, ID_ESCALA, ID_FERIAS) VALUES ('2024-11-14', '', NULL, NULL, 207, 1, 1, NULL);
INSERT INTO T09D_REGISTRO_DE_PONTO (DATA_REGISTRO, OBSERVACOES, ID_AJUSTE, ID_COMPENSACAO, ID_PONTO, ID_PROFISSIONAL, ID_ESCALA, ID_FERIAS) VALUES ('2024-11-15', '', NULL, NULL, 208, 1, 1, NULL);
INSERT INTO T09D_REGISTRO_DE_PONTO (DATA_REGISTRO, OBSERVACOES, ID_AJUSTE, ID_COMPENSACAO, ID_PONTO, ID_PROFISSIONAL, ID_ESCALA, ID_FERIAS) VALUES ('2024-11-18', '', NULL, NULL, 209, 1, 1, NULL);
INSERT INTO T09D_REGISTRO_DE_PONTO (DATA_REGISTRO, OBSERVACOES, ID_AJUSTE, ID_COMPENSACAO, ID_PONTO, ID_PROFISSIONAL, ID_ESCALA, ID_FERIAS) VALUES ('2024-11-19', '', NULL, NULL, 210, 1, 1, NULL);
INSERT INTO T09D_REGISTRO_DE_PONTO (DATA_REGISTRO, OBSERVACOES, ID_AJUSTE, ID_COMPENSACAO, ID_PONTO, ID_PROFISSIONAL, ID_ESCALA, ID_FERIAS) VALUES ('2024-11-20', '', NULL, NULL, 211, 1, 1, NULL);
INSERT INTO T09D_REGISTRO_DE_PONTO (DATA_REGISTRO, OBSERVACOES, ID_AJUSTE, ID_COMPENSACAO, ID_PONTO, ID_PROFISSIONAL, ID_ESCALA, ID_FERIAS) VALUES ('2024-11-21', '', NULL, NULL, 212, 1, 1, NULL);
INSERT INTO T09D_REGISTRO_DE_PONTO (DATA_REGISTRO, OBSERVACOES, ID_AJUSTE, ID_COMPENSACAO, ID_PONTO, ID_PROFISSIONAL, ID_ESCALA, ID_FERIAS) VALUES ('2024-11-22', '', NULL, NULL, 213, 1, 1, NULL);
INSERT INTO T09D_REGISTRO_DE_PONTO (DATA_REGISTRO, OBSERVACOES, ID_AJUSTE, ID_COMPENSACAO, ID_PONTO, ID_PROFISSIONAL, ID_ESCALA, ID_FERIAS) VALUES ('2024-11-25', '', NULL, NULL, 214, 1, 1, NULL);
INSERT INTO T09D_REGISTRO_DE_PONTO (DATA_REGISTRO, OBSERVACOES, ID_AJUSTE, ID_COMPENSACAO, ID_PONTO, ID_PROFISSIONAL, ID_ESCALA, ID_FERIAS) VALUES ('2024-11-26', '', NULL, NULL, 215, 1, 1, NULL);
INSERT INTO T09D_REGISTRO_DE_PONTO (DATA_REGISTRO, OBSERVACOES, ID_AJUSTE, ID_COMPENSACAO, ID_PONTO, ID_PROFISSIONAL, ID_ESCALA, ID_FERIAS) VALUES ('2024-11-27', '', NULL, NULL, 216, 1, 1, NULL);
INSERT INTO T09D_REGISTRO_DE_PONTO (DATA_REGISTRO, OBSERVACOES, ID_AJUSTE, ID_COMPENSACAO, ID_PONTO, ID_PROFISSIONAL, ID_ESCALA, ID_FERIAS) VALUES ('2024-11-28', '', NULL, NULL, 217, 1, 1, NULL);
INSERT INTO T09D_REGISTRO_DE_PONTO (DATA_REGISTRO, OBSERVACOES, ID_AJUSTE, ID_COMPENSACAO, ID_PONTO, ID_PROFISSIONAL, ID_ESCALA, ID_FERIAS) VALUES ('2024-11-29', '', NULL, NULL, 218, 1, 1, NULL);
INSERT INTO T09D_REGISTRO_DE_PONTO (DATA_REGISTRO, OBSERVACOES, ID_AJUSTE, ID_COMPENSACAO, ID_PONTO, ID_PROFISSIONAL, ID_ESCALA, ID_FERIAS) VALUES ('2024-12-02', '', NULL, NULL, 219, 1, 1, NULL);
INSERT INTO T09D_REGISTRO_DE_PONTO (DATA_REGISTRO, OBSERVACOES, ID_AJUSTE, ID_COMPENSACAO, ID_PONTO, ID_PROFISSIONAL, ID_ESCALA, ID_FERIAS) VALUES ('2024-12-03', '', NULL, NULL, 220, 1, 1, NULL);
INSERT INTO T09D_REGISTRO_DE_PONTO (DATA_REGISTRO, OBSERVACOES, ID_AJUSTE, ID_COMPENSACAO, ID_PONTO, ID_PROFISSIONAL, ID_ESCALA, ID_FERIAS) VALUES ('2024-12-04', '', NULL, NULL, 221, 1, 1, NULL);
INSERT INTO T09D_REGISTRO_DE_PONTO (DATA_REGISTRO, OBSERVACOES, ID_AJUSTE, ID_COMPENSACAO, ID_PONTO, ID_PROFISSIONAL, ID_ESCALA, ID_FERIAS) VALUES ('2024-12-05', '', NULL, NULL, 222, 1, 1, NULL);
INSERT INTO T09D_REGISTRO_DE_PONTO (DATA_REGISTRO, OBSERVACOES, ID_AJUSTE, ID_COMPENSACAO, ID_PONTO, ID_PROFISSIONAL, ID_ESCALA, ID_FERIAS) VALUES ('2024-12-06', '', NULL, NULL, 223, 1, 1, NULL);
INSERT INTO T09D_REGISTRO_DE_PONTO (DATA_REGISTRO, OBSERVACOES, ID_AJUSTE, ID_COMPENSACAO, ID_PONTO, ID_PROFISSIONAL, ID_ESCALA, ID_FERIAS) VALUES ('2024-12-09', '', NULL, NULL, 224, 1, 1, NULL);
INSERT INTO T09D_REGISTRO_DE_PONTO (DATA_REGISTRO, OBSERVACOES, ID_AJUSTE, ID_COMPENSACAO, ID_PONTO, ID_PROFISSIONAL, ID_ESCALA, ID_FERIAS) VALUES ('2024-12-10', '', NULL, NULL, 225, 1, 1, NULL);
INSERT INTO T09D_REGISTRO_DE_PONTO (DATA_REGISTRO, OBSERVACOES, ID_AJUSTE, ID_COMPENSACAO, ID_PONTO, ID_PROFISSIONAL, ID_ESCALA, ID_FERIAS) VALUES ('2024-12-11', '', NULL, NULL, 226, 1, 1, NULL);
INSERT INTO T09D_REGISTRO_DE_PONTO (DATA_REGISTRO, OBSERVACOES, ID_AJUSTE, ID_COMPENSACAO, ID_PONTO, ID_PROFISSIONAL, ID_ESCALA, ID_FERIAS) VALUES ('2024-12-12', '', NULL, NULL, 227, 1, 1, NULL);
INSERT INTO T09D_REGISTRO_DE_PONTO (DATA_REGISTRO, OBSERVACOES, ID_AJUSTE, ID_COMPENSACAO, ID_PONTO, ID_PROFISSIONAL, ID_ESCALA, ID_FERIAS) VALUES ('2024-12-13', '', NULL, NULL, 228, 1, 1, NULL);
INSERT INTO T09D_REGISTRO_DE_PONTO (DATA_REGISTRO, OBSERVACOES, ID_AJUSTE, ID_COMPENSACAO, ID_PONTO, ID_PROFISSIONAL, ID_ESCALA, ID_FERIAS) VALUES ('2024-12-16', '', NULL, NULL, 229, 1, 1, NULL);
INSERT INTO T09D_REGISTRO_DE_PONTO (DATA_REGISTRO, OBSERVACOES, ID_AJUSTE, ID_COMPENSACAO, ID_PONTO, ID_PROFISSIONAL, ID_ESCALA, ID_FERIAS) VALUES ('2024-12-17', '', NULL, NULL, 230, 1, 1, NULL);
INSERT INTO T09D_REGISTRO_DE_PONTO (DATA_REGISTRO, OBSERVACOES, ID_AJUSTE, ID_COMPENSACAO, ID_PONTO, ID_PROFISSIONAL, ID_ESCALA, ID_FERIAS) VALUES ('2024-12-18', '', NULL, NULL, 231, 1, 1, NULL);
INSERT INTO T09D_REGISTRO_DE_PONTO (DATA_REGISTRO, OBSERVACOES, ID_AJUSTE, ID_COMPENSACAO, ID_PONTO, ID_PROFISSIONAL, ID_ESCALA, ID_FERIAS) VALUES ('2024-12-19', '', NULL, NULL, 232, 1, 1, NULL);
INSERT INTO T09D_REGISTRO_DE_PONTO (DATA_REGISTRO, OBSERVACOES, ID_AJUSTE, ID_COMPENSACAO, ID_PONTO, ID_PROFISSIONAL, ID_ESCALA, ID_FERIAS) VALUES ('2024-12-20', '', NULL, NULL, 233, 1, 1, NULL);
INSERT INTO T09D_REGISTRO_DE_PONTO (DATA_REGISTRO, OBSERVACOES, ID_AJUSTE, ID_COMPENSACAO, ID_PONTO, ID_PROFISSIONAL, ID_ESCALA, ID_FERIAS) VALUES ('2024-12-23', '', NULL, NULL, 234, 1, 1, NULL);
INSERT INTO T09D_REGISTRO_DE_PONTO (DATA_REGISTRO, OBSERVACOES, ID_AJUSTE, ID_COMPENSACAO, ID_PONTO, ID_PROFISSIONAL, ID_ESCALA, ID_FERIAS) VALUES ('2024-12-24', '', NULL, NULL, 235, 1, 1, NULL);
INSERT INTO T09D_REGISTRO_DE_PONTO (DATA_REGISTRO, OBSERVACOES, ID_AJUSTE, ID_COMPENSACAO, ID_PONTO, ID_PROFISSIONAL, ID_ESCALA, ID_FERIAS) VALUES ('2024-12-25', '', NULL, NULL, 236, 1, 1, NULL);
INSERT INTO T09D_REGISTRO_DE_PONTO (DATA_REGISTRO, OBSERVACOES, ID_AJUSTE, ID_COMPENSACAO, ID_PONTO, ID_PROFISSIONAL, ID_ESCALA, ID_FERIAS) VALUES ('2024-12-26', '', NULL, NULL, 237, 1, 1, NULL);
INSERT INTO T09D_REGISTRO_DE_PONTO (DATA_REGISTRO, OBSERVACOES, ID_AJUSTE, ID_COMPENSACAO, ID_PONTO, ID_PROFISSIONAL, ID_ESCALA, ID_FERIAS) VALUES ('2024-12-27', '', NULL, NULL, 238, 1, 1, NULL);
INSERT INTO T09D_REGISTRO_DE_PONTO (DATA_REGISTRO, OBSERVACOES, ID_AJUSTE, ID_COMPENSACAO, ID_PONTO, ID_PROFISSIONAL, ID_ESCALA, ID_FERIAS) VALUES ('2024-12-30', '', NULL, NULL, 239, 1, 1, NULL);
INSERT INTO T09D_REGISTRO_DE_PONTO (DATA_REGISTRO, OBSERVACOES, ID_AJUSTE, ID_COMPENSACAO, ID_PONTO, ID_PROFISSIONAL, ID_ESCALA, ID_FERIAS) VALUES ('2024-12-31', '', NULL, NULL, 240, 1, 1, NULL);

-- 4. T09D_BANCO_DE_HORAS
INSERT INTO T09D_BANCO_DE_HORAS (DATA_BANCO, SALDO_HORA, ID_REGISTRO_PONTO, ID_COMPENSACAO) VALUES
('2025-05-01', 8, 1, 1),
('2025-06-01', 4, 2, 2),
('2025-07-01', 8, 3, 3),
('2025-08-01', 4, 4, 4),
('2025-09-01', 8, 5, 5),
('2025-10-01', 4, 6, 6),
('2025-11-01', 8, 7, 7),
('2025-12-01', 4, 8, 8),
('2025-01-01', 8, 9, 9),
('2025-02-01', 4, 10, 10),
('2025-03-01', 8, 11, 11),
('2025-04-01', 4, 12, 12);